Country,Date,Sentiment Score,Positive,Negative,ratio
AE,23-03-2020,0.113678023,8,25,0.32
AE,30-03-2020,0.144240704,16,27,0.592592593
AE,06-04-2020,0.121101641,10,24,0.416666667
AE,13-04-2020,0.231718205,17,15,1.133333333
AE,20-04-2020,0.161863952,18,14,1.285714286
AE,27-04-2020,0.165289843,17,28,0.607142857
AE,04-05-2020,0.199584617,25,34,0.735294118
AE,11-05-2020,0.167580144,17,27,0.62962963
AE,18-05-2020,0.137544888,13,22,0.590909091
AE,25-05-2020,0.122100925,17,47,0.361702128
AE,01-06-2020,0.14925796,20,33,0.606060606
AE,08-06-2020,0.158928262,20,32,0.625
AE,15-06-2020,0.137416594,16,34,0.470588235
AE,22-06-2020,0.211280738,20,21,0.952380952
AE,29-06-2020,0.190965584,22,21,1.047619048
AE,06-07-2020,0.154224599,13,21,0.619047619
AE,13-07-2020,0.149495935,18,24,0.75
AE,20-07-2020,0.129148425,10,17,0.588235294
AE,27-07-2020,0.197812239,17,21,0.80952381
AE,03-08-2020,0.128446571,19,22,0.863636364
AE,10-08-2020,0.184120618,8,9,0.888888889
AE,17-08-2020,0.169824811,17,23,0.739130435
AE,24-08-2020,0.153379239,14,26,0.538461538
AE,31-08-2020,0.208595261,24,23,1.043478261
AE,07-09-2020,0.220196783,24,20,1.2
AE,14-09-2020,0.221799134,14,11,1.272727273
AE,21-09-2020,0.150577201,4,7,0.571428571
AE,28-09-2020,0.279680736,7,7,1
AE,05-10-2020,0.180357143,7,7,1
AE,12-10-2020,0.077623118,8,34,0.235294118
AE,19-10-2020,-0.012727865,4,28,0.142857143
AE,26-10-2020,0.086675084,9,18,0.5
AE,02-11-2020,0.229079254,6,7,0.857142857
AE,09-11-2020,0.185876623,4,7,0.571428571
AE,23-11-2020,0.18125,2,2,1
AF,04-05-2020,0.21875,1,1,1
AG,17-08-2020,0.098611111,1,5,0.2
AG,31-08-2020,0.151388889,1,1,1
AL,25-05-2020,0.065740741,1,1,1
AO,04-05-2020,0.166666667,2,1,2
AQ,27-04-2020,0.09375,1,3,0.333333333
AQ,04-05-2020,0.208333334,1,1,1
AQ,18-05-2020,0.114583334,1,1,1
AR,30-03-2020,0.10952381,1,2,0.5
AR,27-04-2020,0.094633838,2,4,0.5
AR,04-05-2020,0.094300144,4,17,0.235294118
AR,11-05-2020,0.1375,5,13,0.384615385
AR,18-05-2020,0.037436869,2,16,0.125
AR,25-05-2020,0.166078102,5,15,0.333333333
AR,01-06-2020,0.093939394,3,13,0.230769231
AR,08-06-2020,0.048888889,2,13,0.153846154
AR,15-06-2020,0.013015791,3,19,0.157894737
AR,22-06-2020,0.178586071,9,8,1.125
AR,29-06-2020,0.057511273,3,5,0.6
AR,06-07-2020,0.116774892,2,5,0.4
AR,13-07-2020,0.088219697,1,9,0.111111111
AR,20-07-2020,0.176041667,2,2,1
AR,27-07-2020,0.112099359,2,11,0.181818182
AR,17-08-2020,0.11037984,3,9,0.333333333
AR,24-08-2020,0.219629629,3,7,0.428571429
AR,31-08-2020,0.125,1,3,0.333333333
AR,14-09-2020,0.231111111,2,1,2
AR,28-09-2020,0.2,1,2,0.5
AR,12-10-2020,0.053125,2,6,0.333333333
AR,19-10-2020,0.064285715,2,2,1
AR,09-11-2020,0.0375,1,3,0.333333333
AT,23-03-2020,0.157986111,3,5,0.6
AT,30-03-2020,0.103461199,3,6,0.5
AT,13-04-2020,0.154513889,6,3,2
AT,20-04-2020,0.099013799,1,6,0.166666667
AT,27-04-2020,0.112554112,3,4,0.75
AT,04-05-2020,0.037300108,5,20,0.25
AT,11-05-2020,0.131929363,3,6,0.5
AT,18-05-2020,0.019081633,1,6,0.166666667
AT,25-05-2020,0.006599327,2,13,0.153846154
AT,01-06-2020,0.179761905,4,8,0.5
AT,08-06-2020,0.055925926,7,11,0.636363636
AT,15-06-2020,0.044318182,4,18,0.222222222
AT,22-06-2020,0.098402477,3,9,0.333333333
AT,29-06-2020,0.062037037,2,7,0.285714286
AT,06-07-2020,0.054492845,1,5,0.2
AT,13-07-2020,0.131186869,3,6,0.5
AT,20-07-2020,0.126428571,1,4,0.25
AT,27-07-2020,0.027662037,1,5,0.2
AT,03-08-2020,0.141784722,4,6,0.666666667
AT,10-08-2020,0.094236111,1,5,0.2
AT,17-08-2020,0.119622507,4,9,0.444444444
AT,24-08-2020,0.289027778,5,5,1
AT,31-08-2020,0.095899471,4,14,0.285714286
AT,07-09-2020,0.141583525,1,7,0.142857143
AT,14-09-2020,-0.053601491,1,8,0.125
AT,21-09-2020,-0.015637401,1,7,0.142857143
AT,26-10-2020,0.085512265,2,13,0.153846154
AT,02-11-2020,0.089393939,4,7,0.571428571
AT,09-11-2020,0.166666667,3,2,1.5
AU,23-03-2020,0.100280313,10,26,0.384615385
AU,30-03-2020,0.106217399,27,58,0.465517241
AU,06-04-2020,0.139957167,17,30,0.566666667
AU,13-04-2020,0.199969896,16,17,0.941176471
AU,20-04-2020,0.15147433,18,39,0.461538462
AU,27-04-2020,0.168694151,36,64,0.5625
AU,04-05-2020,0.109084578,66,167,0.395209581
AU,11-05-2020,0.130678485,72,147,0.489795918
AU,18-05-2020,0.125883455,58,104,0.557692308
AU,25-05-2020,0.122833673,59,124,0.475806452
AU,01-06-2020,0.13449639,62,112,0.553571429
AU,08-06-2020,0.113897124,42,96,0.4375
AU,15-06-2020,0.141649347,56,101,0.554455446
AU,22-06-2020,0.168288888,62,102,0.607843137
AU,29-06-2020,0.173720865,55,74,0.743243243
AU,06-07-2020,0.12576946,59,101,0.584158416
AU,13-07-2020,0.116185673,109,261,0.417624521
AU,20-07-2020,0.165292255,76,121,0.628099174
AU,27-07-2020,0.160060464,82,143,0.573426573
AU,03-08-2020,0.167321427,111,168,0.660714286
AU,10-08-2020,0.147214005,32,54,0.592592593
AU,17-08-2020,0.139028228,112,181,0.61878453
AU,24-08-2020,0.139870367,94,187,0.502673797
AU,31-08-2020,0.152384323,87,154,0.564935065
AU,07-09-2020,0.133222857,102,155,0.658064516
AU,14-09-2020,0.178958937,43,70,0.614285714
AU,21-09-2020,0.13192468,27,55,0.490909091
AU,28-09-2020,0.086944475,23,58,0.396551724
AU,05-10-2020,0.114131975,20,53,0.377358491
AU,12-10-2020,0.181103348,48,88,0.545454545
AU,19-10-2020,0.145152423,42,120,0.35
AU,26-10-2020,0.117626542,44,103,0.427184466
AU,02-11-2020,0.244246837,45,38,1.184210526
AU,09-11-2020,0.17696069,21,22,0.954545455
AU,16-11-2020,0.114680252,24,49,0.489795918
AU,23-11-2020,0.164799783,9,19,0.473684211
AW,23-03-2020,0.3125,1,1,1
AW,04-05-2020,0.042382155,1,2,0.5
AW,25-05-2020,0.366666667,1,1,1
AZ,27-07-2020,0.125,1,1,1
BB,30-03-2020,0.418518519,2,1,2
BB,20-04-2020,0.096180556,1,1,1
BB,27-04-2020,0.180952381,1,1,1
BB,04-05-2020,0.213192415,4,6,0.666666667
BB,11-05-2020,0.153425325,2,3,0.666666667
BB,25-05-2020,0.274738005,3,3,1
BB,01-06-2020,0.234848485,1,1,1
BB,15-06-2020,0.268087121,8,3,2.666666667
BB,06-07-2020,0.233333334,1,1,1
BB,03-08-2020,0.092956349,2,5,0.4
BB,10-08-2020,0.416666667,2,1,2
BB,14-09-2020,0.157142857,1,1,1
BB,02-11-2020,0.1,1,2,0.5
BD,23-03-2020,0.04875,1,4,0.25
BD,30-03-2020,-0.020694444,1,9,0.111111111
BD,13-04-2020,0.14,1,4,0.25
BD,04-05-2020,0.207925408,5,8,0.625
BD,11-05-2020,0.101747016,2,9,0.222222222
BD,18-05-2020,0.221238095,1,4,0.25
BD,25-05-2020,0.126057654,4,7,0.571428571
BD,01-06-2020,0.078958333,1,9,0.111111111
BD,08-06-2020,0.245555556,3,2,1.5
BD,15-06-2020,-0.010933196,1,10,0.1
BD,22-06-2020,0.125027056,4,10,0.4
BD,29-06-2020,0.020637175,1,10,0.1
BD,06-07-2020,-0.046704546,2,8,0.25
BD,13-07-2020,0.099622243,7,14,0.5
BD,27-07-2020,-0.000784632,2,12,0.166666667
BD,03-08-2020,0.071428571,1,6,0.166666667
BD,17-08-2020,0.089051347,2,13,0.153846154
BD,24-08-2020,0.013920454,1,7,0.142857143
BD,31-08-2020,0.135909091,1,4,0.25
BD,05-10-2020,0.175,5,3,1.666666667
BD,19-10-2020,0.354166666,2,2,1
BD,09-11-2020,0.330902778,2,2,1
BD,16-11-2020,0.2925,3,2,1.5
BE,23-03-2020,0.04469697,1,11,0.090909091
BE,30-03-2020,0.09200487,5,9,0.555555556
BE,06-04-2020,0.01344697,3,6,0.5
BE,13-04-2020,0.074884562,9,30,0.3
BE,20-04-2020,-0.02028114,4,19,0.210526316
BE,27-04-2020,-0.053541667,2,10,0.2
BE,04-05-2020,0.234230074,8,10,0.8
BE,11-05-2020,0.142334786,10,21,0.476190476
BE,18-05-2020,0.10726614,9,14,0.642857143
BE,25-05-2020,0.051360683,5,12,0.416666667
BE,01-06-2020,0.119033876,8,13,0.615384615
BE,08-06-2020,0.037052128,2,18,0.111111111
BE,15-06-2020,0.186632395,10,11,0.909090909
BE,22-06-2020,0.220670956,9,8,1.125
BE,29-06-2020,0.299974748,6,5,1.2
BE,06-07-2020,0.025942761,1,8,0.125
BE,13-07-2020,0.172996032,5,6,0.833333333
BE,20-07-2020,-0.017460317,1,5,0.2
BE,27-07-2020,0.146319444,5,10,0.5
BE,03-08-2020,0.111488213,6,14,0.428571429
BE,17-08-2020,0.175549581,6,10,0.6
BE,24-08-2020,0.192199675,7,9,0.777777778
BE,31-08-2020,0.198407888,7,8,0.875
BE,07-09-2020,0.213481241,5,2,2.5
BE,14-09-2020,0.056550084,1,5,0.2
BE,28-09-2020,0.246465774,3,1,3
BE,12-10-2020,0.215113636,8,12,0.666666667
BE,19-10-2020,0.314160748,8,4,2
BE,26-10-2020,-0.045265152,2,8,0.25
BE,02-11-2020,0.03900463,4,14,0.285714286
BE,09-11-2020,0.020881543,1,10,0.1
BE,16-11-2020,0.15,2,4,0.5
BG,06-04-2020,0.1,1,1,1
BG,15-06-2020,0.2765625,1,1,1
BG,07-09-2020,0.208333334,1,1,1
BG,28-09-2020,0.401010101,1,1,1
BG,16-11-2020,0.366666667,2,1,2
BH,04-05-2020,0.227777778,1,2,0.5
BH,25-05-2020,0.341666667,3,1,3
BH,01-06-2020,0.185,2,3,0.666666667
BH,15-06-2020,0.125396825,3,4,0.75
BH,22-06-2020,0.010622711,1,6,0.166666667
BH,20-07-2020,0.0375,2,16,0.125
BH,24-08-2020,0.5,1,1,1
BH,31-08-2020,0.175,1,2,0.5
BJ,23-03-2020,0.226704546,1,1,1
BJ,20-04-2020,0.215909091,1,1,1
BL,22-06-2020,0.133333333,1,2,0.5
BM,27-04-2020,0.16875,1,1,1
BM,04-05-2020,0.233333334,1,1,1
BM,06-07-2020,0.05,1,3,0.333333333
BN,01-06-2020,0.219605655,2,2,1
BN,22-06-2020,0.067916667,1,2,0.5
BO,01-06-2020,0.1625,1,1,1
BO,24-08-2020,0.25,1,1,1
BO,05-10-2020,0.5,2,1,2
BR,23-03-2020,0.185,10,10,1
BR,30-03-2020,0.254491964,12,17,0.705882353
BR,06-04-2020,0.103626543,9,18,0.5
BR,13-04-2020,0.017539526,1,45,0.022222222
BR,20-04-2020,-0.046736111,1,19,0.052631579
BR,27-04-2020,-0.205902778,1,7,0.142857143
BR,04-05-2020,0.091081818,6,19,0.315789474
BR,11-05-2020,0.015,2,13,0.153846154
BR,25-05-2020,0.122072631,5,10,0.5
BR,01-06-2020,0.104791667,3,13,0.230769231
BR,15-06-2020,0.220486111,8,10,0.8
BR,22-06-2020,0.071379612,7,14,0.5
BR,29-06-2020,0.063822115,2,11,0.181818182
BR,06-07-2020,0.093767677,4,6,0.666666667
BR,13-07-2020,0.170657081,9,12,0.75
BR,20-07-2020,0.083489305,4,13,0.307692308
BR,27-07-2020,0.12475304,6,13,0.461538462
BR,03-08-2020,0.144594301,2,12,0.166666667
BR,10-08-2020,0.117708333,2,4,0.5
BR,17-08-2020,0.007308201,2,15,0.133333333
BR,24-08-2020,0.119444444,4,11,0.363636364
BR,31-08-2020,0.054142992,4,20,0.2
BR,07-09-2020,0.056468141,4,12,0.333333333
BR,14-09-2020,0.228118687,4,6,0.666666667
BR,21-09-2020,0.15,2,1,2
BR,05-10-2020,0.158451704,4,4,1
BR,12-10-2020,0.015,2,8,0.25
BR,02-11-2020,0.378125,2,3,0.666666667
BR,09-11-2020,0.021717172,1,8,0.125
BR,16-11-2020,0.115625,1,5,0.2
BS,06-04-2020,0.011458334,1,3,0.333333333
BS,11-05-2020,0.268181818,1,1,1
BS,18-05-2020,0.418181818,1,1,1
BS,25-05-2020,0.121111111,1,2,0.5
BS,01-06-2020,0.249431818,1,1,1
BS,15-06-2020,0.094285714,1,6,0.166666667
BS,22-06-2020,0.203930713,3,5,0.6
BS,29-06-2020,0.0875,1,3,0.333333333
BS,20-07-2020,0.371562851,6,3,2
BS,27-07-2020,0.012224928,4,7,0.571428571
BS,10-08-2020,0.338333333,4,1,4
BS,17-08-2020,0.045805556,1,9,0.111111111
BS,24-08-2020,0.190082605,3,4,0.75
BS,31-08-2020,0.093827161,3,6,0.5
BS,26-10-2020,0.108181818,1,4,0.25
BS,02-11-2020,0.3125,2,2,1
BT,11-05-2020,0.137012987,1,1,1
BT,25-05-2020,0.424747475,3,1,3
BT,01-06-2020,0.43219697,2,1,2
BT,08-06-2020,0.278125,2,2,1
BT,15-06-2020,0.069901515,1,4,0.25
BT,22-06-2020,0.363888889,2,1,2
BT,20-07-2020,0.455952381,4,1,4
BT,17-08-2020,0.345171958,10,4,2.5
BT,24-08-2020,0.399814815,9,3,3
BT,31-08-2020,0.436931818,6,2,3
BT,14-09-2020,0.320791246,5,4,1.25
BW,20-04-2020,-0.003125,1,3,0.333333333
BW,11-05-2020,0.0378,1,4,0.25
BW,18-05-2020,0.028282828,3,3,1
BW,01-06-2020,-0.044722222,1,3,0.333333333
BW,15-06-2020,0.082916667,2,2,1
BW,22-06-2020,0.436111111,3,1,3
BZ,03-08-2020,0.222222222,1,1,1
BZ,24-08-2020,0.19888468,2,1,2
BZ,31-08-2020,0.071180555,1,1,1
BZ,12-10-2020,0.07202381,2,2,1
CA,23-03-2020,0.166880623,30,41,0.731707317
CA,30-03-2020,0.119061703,47,78,0.602564103
CA,06-04-2020,0.172994131,36,45,0.8
CA,13-04-2020,0.132561328,25,58,0.431034483
CA,20-04-2020,0.143648889,38,93,0.408602151
CA,27-04-2020,0.116741149,83,202,0.410891089
CA,04-05-2020,0.110008261,286,669,0.427503737
CA,11-05-2020,0.105830884,224,570,0.392982456
CA,18-05-2020,0.138744802,168,343,0.489795918
CA,25-05-2020,0.125299924,230,540,0.425925926
CA,01-06-2020,0.128911082,284,567,0.500881834
CA,08-06-2020,0.117886448,216,481,0.449064449
CA,15-06-2020,0.118218836,270,646,0.417956656
CA,22-06-2020,0.119224065,268,568,0.471830986
CA,29-06-2020,0.120675601,180,455,0.395604396
CA,06-07-2020,0.140304455,163,341,0.478005865
CA,13-07-2020,0.120102528,232,556,0.417266187
CA,20-07-2020,0.118509798,177,403,0.439205955
CA,27-07-2020,0.114185045,210,555,0.378378378
CA,03-08-2020,0.108271739,231,576,0.401041667
CA,10-08-2020,0.124982291,88,188,0.468085106
CA,17-08-2020,0.110884424,255,663,0.384615385
CA,24-08-2020,0.111916557,249,716,0.347765363
CA,31-08-2020,0.110346935,223,560,0.398214286
CA,07-09-2020,0.137907819,269,510,0.52745098
CA,14-09-2020,0.119854866,188,465,0.404301075
CA,21-09-2020,0.097869068,83,249,0.333333333
CA,28-09-2020,0.082049565,110,401,0.274314214
CA,05-10-2020,0.097339343,114,410,0.27804878
CA,12-10-2020,0.110256782,248,639,0.388106416
CA,19-10-2020,0.090271267,185,624,0.296474359
CA,26-10-2020,0.073124876,216,697,0.30989957
CA,02-11-2020,0.120725804,133,298,0.446308725
CA,09-11-2020,0.106568664,102,319,0.319749216
CA,16-11-2020,0.079353874,114,391,0.291560102
CA,23-11-2020,0.047180135,23,91,0.252747253
CD,27-04-2020,0.03125,2,2,1
CD,01-06-2020,0.030277778,1,5,0.2
CD,22-06-2020,-0.108333333,1,2,0.5
CG,01-06-2020,0.334027778,2,1,2
CG,15-06-2020,0.272727273,1,1,1
CG,20-07-2020,0.130208334,1,1,1
CH,23-03-2020,0.135456731,5,8,0.625
CH,30-03-2020,0.191540404,7,8,0.875
CH,06-04-2020,0.048023908,4,18,0.222222222
CH,13-04-2020,0.03835007,4,39,0.102564103
CH,20-04-2020,0.049449495,5,20,0.25
CH,27-04-2020,0.071130952,3,11,0.272727273
CH,04-05-2020,0.107059229,4,18,0.222222222
CH,11-05-2020,0.120203993,3,9,0.333333333
CH,18-05-2020,0.140913462,6,7,0.857142857
CH,25-05-2020,0.066319445,3,9,0.333333333
CH,01-06-2020,0.2625,4,4,1
CH,08-06-2020,0.142858586,7,8,0.875
CH,15-06-2020,0.169539141,5,5,1
CH,22-06-2020,0.055278055,2,11,0.181818182
CH,29-06-2020,0.201339286,5,5,1
CH,06-07-2020,0.120520382,5,10,0.5
CH,13-07-2020,0.259809219,7,6,1.166666667
CH,20-07-2020,0.041964286,1,6,0.166666667
CH,27-07-2020,0.03264881,2,8,0.25
CH,03-08-2020,0.071527778,2,7,0.285714286
CH,10-08-2020,0.159603174,1,2,0.5
CH,17-08-2020,0.086419594,3,8,0.375
CH,24-08-2020,0.148830857,5,8,0.625
CH,31-08-2020,0.191883117,6,6,1
CH,21-09-2020,0.135277778,1,4,0.25
CH,28-09-2020,0.052083333,1,1,1
CH,12-10-2020,0.228333333,2,4,0.5
CH,02-11-2020,0.376388889,2,1,2
CH,16-11-2020,0.173333333,2,3,0.666666667
CH,23-11-2020,0.366666667,1,2,0.5
CI,12-10-2020,0.15625,2,2,1
CL,04-05-2020,0.076190476,1,6,0.166666667
CL,11-05-2020,0.058333333,1,5,0.2
CL,18-05-2020,0.12,2,3,0.666666667
CL,25-05-2020,0.110130719,3,14,0.214285714
CL,01-06-2020,0.252777778,3,3,1
CL,15-06-2020,0.051939727,3,10,0.3
CL,22-06-2020,0.157222222,3,2,1.5
CL,29-06-2020,0.351639868,4,3,1.333333333
CL,06-07-2020,0.1375,1,3,0.333333333
CL,13-07-2020,0.130555556,3,6,0.5
CL,20-07-2020,0.125,1,5,0.2
CL,27-07-2020,0.276666667,2,3,0.666666667
CL,03-08-2020,0.182591991,3,7,0.428571429
CL,17-08-2020,0.037037037,2,7,0.285714286
CL,24-08-2020,0.146306818,2,4,0.5
CL,31-08-2020,0.307670454,4,4,1
CL,07-09-2020,0.071190476,1,4,0.25
CL,14-09-2020,0.08125,1,3,0.333333333
CL,21-09-2020,0.533333333,2,1,2
CL,28-09-2020,0.282727273,2,3,0.666666667
CL,12-10-2020,0.058297258,4,17,0.235294118
CL,19-10-2020,0.065178571,2,12,0.166666667
CL,02-11-2020,0.184895833,2,2,1
CM,30-03-2020,0.082142857,1,2,0.5
CM,04-05-2020,0.14040404,2,1,2
CM,18-05-2020,0.1,2,2,1
CM,25-05-2020,0.2875,1,1,1
CM,01-06-2020,0.227777778,2,1,2
CM,08-06-2020,0.1125,1,1,1
CM,15-06-2020,0.229924243,1,1,1
CM,07-09-2020,0.23219697,9,2,4.5
CM,28-09-2020,0.083333333,1,2,0.5
CN,23-03-2020,-0.007859848,2,6,0.333333333
CN,30-03-2020,0.077520743,1,7,0.142857143
CN,06-04-2020,0.061458333,1,7,0.142857143
CN,13-04-2020,0.166195436,4,4,1
CN,20-04-2020,-0.134848485,1,8,0.125
CN,27-04-2020,0.173958607,4,7,0.571428571
CN,04-05-2020,0.131447188,10,17,0.588235294
CN,11-05-2020,0.093930187,6,26,0.230769231
CN,18-05-2020,0.178231602,5,10,0.5
CN,25-05-2020,0.090710946,6,26,0.230769231
CN,01-06-2020,0.058941919,3,22,0.136363636
CN,08-06-2020,0.059440837,2,12,0.166666667
CN,15-06-2020,0.115654311,3,13,0.230769231
CN,22-06-2020,0.030680014,3,18,0.166666667
CN,29-06-2020,-0.010049908,2,11,0.181818182
CN,06-07-2020,0.090626722,1,10,0.1
CN,13-07-2020,0.081445543,2,9,0.222222222
CN,20-07-2020,0.122424242,1,4,0.25
CN,27-07-2020,0.045756087,2,19,0.105263158
CN,03-08-2020,0.115692588,4,13,0.307692308
CN,10-08-2020,0.159375,2,2,1
CN,17-08-2020,0.145265152,2,10,0.2
CN,24-08-2020,0.125880772,8,12,0.666666667
CN,31-08-2020,0.086987155,6,21,0.285714286
CN,07-09-2020,0.049563029,4,20,0.2
CN,14-09-2020,0.009291727,1,11,0.090909091
CN,21-09-2020,0.122489177,1,5,0.2
CN,28-09-2020,0.067606812,3,17,0.176470588
CN,05-10-2020,0.073580247,4,5,0.8
CN,12-10-2020,0.165530303,4,8,0.5
CN,19-10-2020,0.138371212,8,16,0.5
CN,26-10-2020,0.129396001,9,19,0.473684211
CN,02-11-2020,0.2543406,2,5,0.4
CN,09-11-2020,0.112119416,4,13,0.307692308
CN,16-11-2020,0.048035714,2,5,0.4
CN,23-11-2020,0.20273569,3,6,0.5
CO,27-04-2020,0.06439394,1,1,1
CO,04-05-2020,-0.143181818,2,4,0.5
CO,11-05-2020,0.188715278,2,2,1
CO,25-05-2020,0.005928571,1,4,0.25
CO,01-06-2020,0.35,1,1,1
CO,08-06-2020,0.23125,2,2,1
CO,22-06-2020,0.190035911,4,7,0.571428571
CO,29-06-2020,0.129222068,5,9,0.555555556
CO,06-07-2020,0.0390625,2,6,0.333333333
CO,13-07-2020,0.033146946,2,12,0.166666667
CO,27-07-2020,0.115553977,1,3,0.333333333
CO,03-08-2020,0.14375,3,7,0.428571429
CO,10-08-2020,0.181967593,2,1,2
CO,17-08-2020,0.175252525,3,3,1
CO,24-08-2020,0.200833333,2,2,1
CO,31-08-2020,0.08,2,5,0.4
CO,21-09-2020,0.3296875,1,1,1
CO,12-10-2020,0.245833333,6,2,3
CO,19-10-2020,0.119791667,6,8,0.75
CO,26-10-2020,0.378349282,17,2,8.5
CO,02-11-2020,0.042862654,1,5,0.2
CO,16-11-2020,0.2625,2,2,1
CR,04-05-2020,0.067748918,1,5,0.2
CR,11-05-2020,0.096875,2,2,1
CR,25-05-2020,0.23800505,3,3,1
CR,01-06-2020,0.169191919,1,2,0.5
CR,08-06-2020,0.104133598,3,3,1
CR,15-06-2020,0.11375,2,3,0.666666667
CR,29-06-2020,0.133333333,1,2,0.5
CR,06-07-2020,0.06452381,2,3,0.666666667
CR,20-07-2020,0.184090909,1,1,1
CR,17-08-2020,0.083333333,1,2,0.5
CR,07-09-2020,0.099147727,1,3,0.333333333
CR,02-11-2020,0.375,2,1,2
CU,13-07-2020,0.106818182,1,2,0.5
CU,17-08-2020,0.335128348,1,1,1
CU,31-08-2020,0.379166667,2,1,2
CY,30-03-2020,0.124652778,1,3,0.333333333
CY,20-04-2020,0.116666667,1,1,1
CY,27-04-2020,0.466761364,1,1,1
CY,04-05-2020,0.145833334,1,1,1
CY,11-05-2020,0.127951389,2,4,0.5
CY,25-05-2020,0.04125,1,4,0.25
CY,01-06-2020,0.185,2,3,0.666666667
CY,22-06-2020,0.281013258,3,1,3
CY,13-07-2020,0.130416667,1,1,1
CY,03-08-2020,0.180555556,2,1,2
CY,24-08-2020,0.1375,1,5,0.2
CY,07-09-2020,0.149722222,1,5,0.2
CY,16-11-2020,0.219239268,3,2,1.5
CZ,30-03-2020,0.049537037,1,2,0.5
CZ,04-05-2020,0.180902778,2,2,1
CZ,18-05-2020,0.3625,2,1,2
CZ,01-06-2020,0.0484375,1,3,0.333333333
CZ,29-06-2020,0.174329005,1,1,1
CZ,17-08-2020,0.196527778,2,1,2
CZ,31-08-2020,0.29375,2,2,1
CZ,14-09-2020,0.075,1,2,0.5
CZ,05-10-2020,0.095833333,2,4,0.5
CZ,26-10-2020,0.375732601,10,3,3.333333333
DE,23-03-2020,0.086365227,19,53,0.358490566
DE,30-03-2020,0.147953697,29,53,0.547169811
DE,06-04-2020,0.098681091,25,59,0.423728814
DE,13-04-2020,0.095313328,27,68,0.397058824
DE,20-04-2020,0.129627702,13,33,0.393939394
DE,27-04-2020,0.082754382,7,27,0.259259259
DE,04-05-2020,0.165985619,22,40,0.55
DE,11-05-2020,0.146824479,15,30,0.5
DE,18-05-2020,0.106492241,12,26,0.461538462
DE,25-05-2020,0.190528108,18,31,0.580645161
DE,01-06-2020,0.136006506,15,38,0.394736842
DE,08-06-2020,0.09248473,18,29,0.620689655
DE,15-06-2020,0.0524615,4,45,0.088888889
DE,22-06-2020,0.099240043,11,33,0.333333333
DE,29-06-2020,0.034347691,12,38,0.315789474
DE,06-07-2020,0.089789036,8,24,0.333333333
DE,13-07-2020,0.129904995,11,29,0.379310345
DE,20-07-2020,0.077352283,8,31,0.258064516
DE,27-07-2020,0.193313554,12,17,0.705882353
DE,03-08-2020,0.087800265,8,30,0.266666667
DE,10-08-2020,0.07010582,4,10,0.4
DE,17-08-2020,0.099579413,14,36,0.388888889
DE,24-08-2020,0.068049741,11,27,0.407407407
DE,31-08-2020,0.136031669,16,40,0.4
DE,07-09-2020,0.220158322,22,20,1.1
DE,14-09-2020,0.031379269,2,19,0.105263158
DE,21-09-2020,0.157497048,5,6,0.833333333
DE,28-09-2020,0.112215909,2,10,0.2
DE,05-10-2020,0.131196581,8,18,0.444444444
DE,12-10-2020,0.124689755,7,14,0.5
DE,19-10-2020,0.06465033,18,38,0.473684211
DE,26-10-2020,0.00912963,7,38,0.184210526
DE,02-11-2020,0.099494471,19,47,0.404255319
DE,09-11-2020,0.163319182,27,41,0.658536585
DE,16-11-2020,0.052855726,9,40,0.225
DE,23-11-2020,0.163319204,2,7,0.285714286
DK,23-03-2020,0.104329545,2,3,0.666666667
DK,30-03-2020,0.109259259,3,6,0.5
DK,06-04-2020,0.077220306,3,5,0.6
DK,13-04-2020,-0.014229415,2,42,0.047619048
DK,20-04-2020,-0.080916667,1,14,0.071428571
DK,27-04-2020,0.202083334,1,1,1
DK,04-05-2020,0.212763201,4,3,1.333333333
DK,11-05-2020,0.145082772,3,6,0.5
DK,18-05-2020,0.227234848,2,3,0.666666667
DK,25-05-2020,0.167509019,3,3,1
DK,08-06-2020,0.263295454,2,2,1
DK,15-06-2020,0.361111111,4,2,2
DK,29-06-2020,0.175,2,1,2
DK,06-07-2020,0.131313131,1,2,0.5
DK,27-07-2020,0.15625,1,3,0.333333333
DK,03-08-2020,0.135050505,4,5,0.8
DK,10-08-2020,0.2909375,2,1,2
DK,17-08-2020,0.148194445,1,3,0.333333333
DK,24-08-2020,0.223452381,4,4,1
DK,31-08-2020,0.235188802,4,4,1
DK,07-09-2020,0.211457431,3,3,1
DK,28-09-2020,0.104166667,1,2,0.5
DK,26-10-2020,0.082916667,2,6,0.333333333
DO,23-03-2020,0.330989584,1,1,1
DO,30-03-2020,0.125,1,1,1
DO,27-04-2020,0.1,1,1,1
DO,04-05-2020,0.041666667,1,5,0.2
DO,11-05-2020,0.052380952,2,5,0.4
DO,01-06-2020,0.127272727,1,4,0.25
DO,08-06-2020,0.215151515,1,2,0.5
DO,15-06-2020,0.241666667,2,2,1
DO,13-07-2020,0.341666667,3,2,1.5
DO,27-07-2020,0.193768413,5,4,1.25
DO,17-08-2020,-0.019791667,1,5,0.2
DO,07-09-2020,0.180555556,3,2,1.5
DO,14-09-2020,0.110227273,1,1,1
DO,12-10-2020,0.133333333,2,4,0.5
DZ,18-05-2020,0.151041667,1,1,1
DZ,25-05-2020,0.133333333,1,2,0.5
DZ,15-06-2020,0.13,3,2,1.5
DZ,24-08-2020,0.138888889,1,2,0.5
EC,18-05-2020,0.154545454,1,4,0.25
EC,22-06-2020,0.06,1,4,0.25
EC,06-07-2020,0.125,1,5,0.2
EC,27-07-2020,0.2,1,1,1
EC,03-08-2020,0.18459596,2,2,1
EC,24-08-2020,0.183333333,1,1,1
EE,25-05-2020,0.172727273,1,1,1
EE,07-09-2020,0.098888889,1,2,0.5
EG,23-03-2020,0.30021645,8,6,1.333333333
EG,30-03-2020,0.029166667,1,5,0.2
EG,06-04-2020,0.210606061,2,4,0.5
EG,13-04-2020,0.288888889,3,6,0.5
EG,20-04-2020,0.06,1,4,0.25
EG,04-05-2020,0.144573673,2,3,0.666666667
EG,11-05-2020,0.011333333,1,4,0.25
EG,25-05-2020,0.278776042,4,4,1
EG,01-06-2020,0.186805556,3,3,1
EG,15-06-2020,0.070535714,2,6,0.333333333
EG,13-07-2020,0.434605263,36,2,18
EG,17-08-2020,0.091666667,1,3,0.333333333
EG,24-08-2020,0.225,1,1,1
EG,07-09-2020,0.216493055,2,2,1
ES,23-03-2020,0.157424242,5,10,0.5
ES,30-03-2020,0.029241008,4,22,0.181818182
ES,06-04-2020,-0.034895833,5,19,0.263157895
ES,13-04-2020,0.018028516,4,48,0.083333333
ES,20-04-2020,0.052266667,5,20,0.25
ES,27-04-2020,0.171699346,6,11,0.545454545
ES,04-05-2020,0.073463997,18,68,0.264705882
ES,11-05-2020,0.048495712,17,70,0.242857143
ES,18-05-2020,0.150539322,13,22,0.590909091
ES,25-05-2020,0.071547775,13,54,0.240740741
ES,01-06-2020,0.094783179,16,53,0.301886792
ES,08-06-2020,0.053922015,14,70,0.2
ES,15-06-2020,0.083865908,23,68,0.338235294
ES,22-06-2020,0.033354252,12,65,0.184615385
ES,29-06-2020,0.110822376,9,31,0.290322581
ES,06-07-2020,0.148127698,9,19,0.473684211
ES,13-07-2020,0.197632374,21,21,1
ES,20-07-2020,0.090041846,7,23,0.304347826
ES,27-07-2020,0.100016109,10,19,0.526315789
ES,03-08-2020,0.11598358,12,27,0.444444444
ES,10-08-2020,0.039941078,1,5,0.2
ES,17-08-2020,0.142595274,17,36,0.472222222
ES,24-08-2020,0.110092975,5,17,0.294117647
ES,31-08-2020,0.135556658,12,19,0.631578947
ES,07-09-2020,0.200067112,14,16,0.875
ES,14-09-2020,0.1322658,7,17,0.411764706
ES,21-09-2020,0.073337542,4,8,0.5
ES,28-09-2020,0.090365829,4,15,0.266666667
ES,05-10-2020,0.166463745,4,10,0.4
ES,12-10-2020,0.109755479,10,22,0.454545455
ES,19-10-2020,0.24473616,10,12,0.833333333
ES,26-10-2020,0.100106952,8,26,0.307692308
ES,02-11-2020,0.078654268,3,24,0.125
ES,09-11-2020,0.197422979,7,12,0.583333333
ES,16-11-2020,0.033169935,4,13,0.307692308
ES,23-11-2020,0.308333333,2,2,1
ET,20-04-2020,-0.35,1,1,1
ET,01-06-2020,0.222222222,1,2,0.5
ET,07-09-2020,0.273181818,3,2,1.5
ET,26-10-2020,0.591666667,2,2,1
FI,30-03-2020,0.160427189,5,7,0.714285714
FI,06-04-2020,0.142833333,2,3,0.666666667
FI,13-04-2020,0.25,1,1,1
FI,20-04-2020,0.25959596,1,2,0.5
FI,04-05-2020,0.15625,1,3,0.333333333
FI,11-05-2020,0.3375,2,2,1
FI,18-05-2020,0.120833334,1,1,1
FI,25-05-2020,0.159801587,2,3,0.666666667
FI,01-06-2020,0.083928572,1,1,1
FI,08-06-2020,0.173333333,3,2,1.5
FI,29-06-2020,0.086805556,2,4,0.5
FI,13-07-2020,0.113125,1,3,0.333333333
FI,27-07-2020,0.145170455,2,2,1
FI,03-08-2020,0.2903125,2,2,1
FI,17-08-2020,0.201190476,2,4,0.5
FI,24-08-2020,0.234531513,3,3,1
FI,31-08-2020,0.141904762,2,3,0.666666667
FI,14-09-2020,0.5,1,1,1
FI,26-10-2020,0.064556678,2,7,0.285714286
FI,02-11-2020,0.120454545,1,2,0.5
FI,09-11-2020,0.212619047,3,2,1.5
FI,16-11-2020,0.048765432,1,2,0.5
FR,23-03-2020,0.132833333,3,7,0.428571429
FR,30-03-2020,0.066668529,8,15,0.533333333
FR,06-04-2020,0.06796875,8,13,0.615384615
FR,13-04-2020,-0.0090625,2,28,0.071428571
FR,20-04-2020,0.016753647,2,16,0.125
FR,27-04-2020,0.096529259,10,11,0.909090909
FR,04-05-2020,0.179269637,20,34,0.588235294
FR,11-05-2020,0.098740555,12,31,0.387096774
FR,18-05-2020,0.26262147,13,9,1.444444444
FR,25-05-2020,0.146895933,8,11,0.727272727
FR,01-06-2020,0.152491182,7,11,0.636363636
FR,08-06-2020,0.201508049,10,10,1
FR,15-06-2020,0.117938312,8,17,0.470588235
FR,22-06-2020,0.095127712,7,21,0.333333333
FR,29-06-2020,0.154790648,14,17,0.823529412
FR,06-07-2020,0.21035951,5,11,0.454545455
FR,13-07-2020,0.204623692,12,16,0.75
FR,20-07-2020,0.150562554,8,17,0.470588235
FR,27-07-2020,0.130124838,10,20,0.5
FR,03-08-2020,0.162391819,10,17,0.588235294
FR,10-08-2020,0.103055556,3,10,0.3
FR,17-08-2020,0.155208663,19,35,0.542857143
FR,24-08-2020,0.136019377,11,17,0.647058824
FR,31-08-2020,0.088821975,7,23,0.304347826
FR,07-09-2020,0.204769015,18,25,0.72
FR,14-09-2020,0.129647436,4,9,0.444444444
FR,21-09-2020,0.170707071,4,5,0.8
FR,28-09-2020,0.096825397,3,6,0.5
FR,05-10-2020,0.05625,1,3,0.333333333
FR,12-10-2020,0.037301587,4,14,0.285714286
FR,19-10-2020,0.352566964,8,6,1.333333333
FR,26-10-2020,0.184747475,6,9,0.666666667
FR,02-11-2020,0.146536529,16,29,0.551724138
FR,09-11-2020,0.148856578,8,15,0.533333333
FR,16-11-2020,0.061434659,7,17,0.411764706
FR,23-11-2020,0.116666667,2,4,0.5
GB,23-03-2020,0.114640504,92,199,0.462311558
GB,30-03-2020,0.106059744,150,376,0.39893617
GB,06-04-2020,0.097665314,88,239,0.368200837
GB,13-04-2020,0.125337578,110,229,0.480349345
GB,20-04-2020,0.100679451,100,254,0.393700787
GB,27-04-2020,0.101219366,147,402,0.365671642
GB,04-05-2020,0.099205801,393,983,0.399796541
GB,11-05-2020,0.111738295,390,886,0.440180587
GB,18-05-2020,0.097474637,254,680,0.373529412
GB,25-05-2020,0.125052847,379,749,0.506008011
GB,01-06-2020,0.107738885,338,779,0.433889602
GB,08-06-2020,0.104435233,242,551,0.439201452
GB,15-06-2020,0.137501256,428,802,0.533665835
GB,22-06-2020,0.1467936,761,1294,0.588098918
GB,29-06-2020,0.148144571,559,937,0.596584845
GB,06-07-2020,0.145837098,503,850,0.591764706
GB,13-07-2020,0.17098769,773,1064,0.726503759
GB,20-07-2020,0.160914696,553,777,0.711711712
GB,27-07-2020,0.160520559,632,908,0.696035242
GB,03-08-2020,0.147463961,602,883,0.681766704
GB,10-08-2020,0.160312664,165,245,0.673469388
GB,17-08-2020,0.1689416,694,953,0.728226653
GB,24-08-2020,0.163567113,625,895,0.698324022
GB,31-08-2020,0.164916362,565,819,0.68986569
GB,07-09-2020,0.164454312,542,744,0.728494624
GB,14-09-2020,0.13617314,286,555,0.515315315
GB,21-09-2020,0.109206803,144,344,0.418604651
GB,28-09-2020,0.126550026,229,491,0.466395112
GB,05-10-2020,0.10087971,165,407,0.405405405
GB,12-10-2020,0.109582759,374,825,0.453333333
GB,19-10-2020,0.112150166,446,942,0.473460722
GB,26-10-2020,0.117403085,426,838,0.508353222
GB,02-11-2020,0.144808426,373,648,0.575617284
GB,09-11-2020,0.141312384,681,1288,0.528726708
GB,16-11-2020,0.132273239,339,684,0.495614035
GB,23-11-2020,0.143920881,82,152,0.539473684
GD,04-05-2020,0.5,1,1,1
GD,29-06-2020,0.25,1,1,1
GF,20-07-2020,0.073160173,1,6,0.166666667
GF,31-08-2020,0.043333333,1,6,0.166666667
GF,07-09-2020,0.160900974,11,3,3.666666667
GH,23-03-2020,0.018485958,2,11,0.181818182
GH,30-03-2020,0.099782777,10,25,0.4
GH,06-04-2020,0.146022727,4,7,0.571428571
GH,13-04-2020,0.097849548,6,13,0.461538462
GH,20-04-2020,0.143160173,7,14,0.5
GH,27-04-2020,0.161497326,5,12,0.416666667
GH,04-05-2020,0.196561711,17,23,0.739130435
GH,11-05-2020,0.13450869,12,22,0.545454545
GH,18-05-2020,0.260937249,26,28,0.928571429
GH,25-05-2020,0.138422773,15,29,0.517241379
GH,01-06-2020,0.124172674,11,26,0.423076923
GH,08-06-2020,0.082296157,3,13,0.230769231
GH,15-06-2020,0.094772618,10,19,0.526315789
GH,22-06-2020,0.21354798,10,10,1
GH,29-06-2020,0.088327518,11,13,0.846153846
GH,06-07-2020,0.263173401,10,8,1.25
GH,13-07-2020,0.141976788,13,16,0.8125
GH,20-07-2020,0.101697431,4,14,0.285714286
GH,27-07-2020,0.121880774,12,29,0.413793103
GH,03-08-2020,0.073841734,6,15,0.4
GH,10-08-2020,-0.005688131,2,10,0.2
GH,17-08-2020,0.072038961,8,27,0.296296296
GH,24-08-2020,0.084003913,6,20,0.3
GH,31-08-2020,0.06147401,7,27,0.259259259
GH,07-09-2020,0.142657287,9,11,0.818181818
GH,14-09-2020,0.025694444,2,11,0.181818182
GH,21-09-2020,0.168831169,2,2,1
GH,28-09-2020,0.290340909,2,2,1
GH,05-10-2020,0.043181818,1,10,0.1
GH,12-10-2020,0.209350649,6,4,1.5
GH,19-10-2020,0.286868687,4,2,2
GH,26-10-2020,0.099206349,5,9,0.555555556
GH,02-11-2020,0.179119318,1,3,0.333333333
GH,09-11-2020,0.153333333,2,3,0.666666667
GH,16-11-2020,0.55,2,1,2
GI,25-05-2020,0.166536458,2,2,1
GI,22-06-2020,0.136035157,1,1,1
GI,29-06-2020,0.104166667,1,1,1
GM,10-08-2020,0.45,1,1,1
GR,30-03-2020,0.306090909,3,2,1.5
GR,06-04-2020,0.125204613,2,5,0.4
GR,13-04-2020,0.0625,1,3,0.333333333
GR,27-04-2020,0.085,1,4,0.25
GR,04-05-2020,0.354017857,3,1,3
GR,11-05-2020,0.029349046,1,8,0.125
GR,18-05-2020,0.070833333,1,5,0.2
GR,25-05-2020,0.178276515,4,6,0.666666667
GR,01-06-2020,0.140333243,5,7,0.714285714
GR,08-06-2020,0.232765152,3,5,0.6
GR,15-06-2020,0.04280303,2,6,0.333333333
GR,22-06-2020,0.243333333,3,7,0.428571429
GR,29-06-2020,0.215190972,7,5,1.4
GR,06-07-2020,0.259906355,6,6,1
GR,13-07-2020,0.185968198,5,8,0.625
GR,20-07-2020,0.178508953,5,6,0.833333333
GR,27-07-2020,0.206995739,5,11,0.454545455
GR,03-08-2020,0.141895543,6,12,0.5
GR,10-08-2020,0.176649306,2,2,1
GR,17-08-2020,0.203366959,7,12,0.583333333
GR,24-08-2020,0.211367845,12,12,1
GR,31-08-2020,0.147131408,10,14,0.714285714
GR,07-09-2020,0.119778439,4,8,0.5
GR,14-09-2020,0.091632714,5,12,0.416666667
GR,28-09-2020,0.017869769,1,10,0.1
GR,05-10-2020,0.096990741,1,5,0.2
GR,12-10-2020,0.107614087,4,12,0.333333333
GR,19-10-2020,0.055429293,8,14,0.571428571
GR,26-10-2020,0.134292929,4,20,0.2
GR,02-11-2020,0.189514652,5,8,0.625
GR,09-11-2020,0.11449495,8,22,0.363636364
GR,16-11-2020,0.165595238,6,14,0.428571429
GR,23-11-2020,0.118333333,2,3,0.666666667
GT,13-04-2020,0.25,1,1,1
GT,01-06-2020,0.033080808,1,2,0.5
GT,15-06-2020,0.063160173,3,10,0.3
GT,13-07-2020,0.125,1,1,1
GT,03-08-2020,0.116666667,2,1,2
GT,24-08-2020,0.15,1,2,0.5
GT,05-10-2020,0.205460859,2,1,2
GU,01-06-2020,0.093734848,2,3,0.666666667
GU,06-07-2020,0.314339827,2,1,2
GU,24-08-2020,0.120833333,1,1,1
GU,31-08-2020,0.16,1,1,1
GY,04-05-2020,-0.2375,1,1,1
HK,27-04-2020,0.260416667,1,2,0.5
HK,04-05-2020,0.113166209,4,9,0.444444444
HK,11-05-2020,0.103717733,1,8,0.125
HK,18-05-2020,0.160796438,4,7,0.571428571
HK,25-05-2020,0.121258503,2,5,0.4
HK,01-06-2020,0.23467803,4,4,1
HK,08-06-2020,-0.01982126,3,3,1
HK,22-06-2020,0.13744715,3,7,0.428571429
HK,29-06-2020,0.227083333,1,3,0.333333333
HK,06-07-2020,0.076565657,2,5,0.4
HK,13-07-2020,0.1075,1,4,0.25
HK,20-07-2020,0.060147857,3,15,0.2
HK,27-07-2020,0.11462766,6,14,0.428571429
HK,03-08-2020,0.079254149,5,15,0.333333333
HK,10-08-2020,0.1775,1,1,1
HK,17-08-2020,0.118380231,7,14,0.5
HK,24-08-2020,0.139877404,5,9,0.555555556
HK,31-08-2020,0.015479798,1,14,0.071428571
HK,07-09-2020,0.096959876,3,6,0.5
HK,14-09-2020,0.138571429,2,3,0.666666667
HK,21-09-2020,0.20625,1,1,1
HK,28-09-2020,0.1125,1,3,0.333333333
HK,05-10-2020,0.208347506,4,3,1.333333333
HK,12-10-2020,0.283333333,2,4,0.5
HK,19-10-2020,0.097222222,2,4,0.5
HK,26-10-2020,0.184482724,2,7,0.285714286
HK,02-11-2020,0.211428571,3,2,1.5
HK,09-11-2020,0.078039683,1,4,0.25
HK,16-11-2020,0.25,3,1,3
HN,03-08-2020,0.034496753,1,6,0.166666667
HR,30-03-2020,0.071428571,1,6,0.166666667
HR,04-05-2020,0.194444445,2,4,0.5
HR,01-06-2020,0.279393413,2,1,2
HR,22-06-2020,0.124855324,1,3,0.333333333
HR,13-07-2020,0.209234848,3,2,1.5
HR,20-07-2020,0.076136364,1,4,0.25
HR,27-07-2020,0.078289141,3,3,1
HR,03-08-2020,0.129848485,1,4,0.25
HR,17-08-2020,-0.075262188,2,5,0.4
HR,24-08-2020,0.27155303,9,2,4.5
HR,31-08-2020,0.035896465,1,2,0.5
HR,07-09-2020,0.098055555,2,6,0.333333333
HT,25-05-2020,0.2675,1,1,1
HT,15-06-2020,0.15,1,2,0.5
HT,27-07-2020,0.180555556,2,1,2
HT,17-08-2020,0.049810606,1,1,1
HT,07-09-2020,0.354166667,1,1,1
HU,01-06-2020,0.283333334,2,2,1
HU,15-06-2020,0.275,1,1,1
HU,20-07-2020,-0.225,1,1,1
HU,03-08-2020,0.45,1,1,1
HU,31-08-2020,0.142962963,1,2,0.5
HU,09-11-2020,-0.018055556,1,2,0.5
HU,16-11-2020,0.275,1,3,0.333333333
ID,23-03-2020,0.137668473,12,19,0.631578947
ID,30-03-2020,0.121318191,20,39,0.512820513
ID,06-04-2020,0.212936508,17,18,0.944444444
ID,13-04-2020,0.156511124,17,26,0.653846154
ID,20-04-2020,0.163018909,17,24,0.708333333
ID,27-04-2020,0.213199315,31,19,1.631578947
ID,04-05-2020,0.174228222,49,55,0.890909091
ID,11-05-2020,0.120964904,31,59,0.525423729
ID,18-05-2020,0.173264899,25,29,0.862068966
ID,25-05-2020,0.129529582,33,42,0.785714286
ID,01-06-2020,0.104629455,28,69,0.405797101
ID,08-06-2020,0.170490398,28,57,0.49122807
ID,15-06-2020,0.142079196,30,59,0.508474576
ID,22-06-2020,0.209236485,53,58,0.913793103
ID,29-06-2020,0.214783626,31,32,0.96875
ID,06-07-2020,0.155153319,15,34,0.441176471
ID,13-07-2020,0.150389766,19,39,0.487179487
ID,20-07-2020,0.212187804,17,16,1.0625
ID,27-07-2020,0.148760705,15,31,0.483870968
ID,03-08-2020,0.166455042,18,29,0.620689655
ID,10-08-2020,0.197080382,5,6,0.833333333
ID,17-08-2020,0.231161311,34,35,0.971428571
ID,24-08-2020,0.133537218,19,40,0.475
ID,31-08-2020,0.12479559,14,36,0.388888889
ID,07-09-2020,0.192018062,28,39,0.717948718
ID,14-09-2020,0.105135332,9,29,0.310344828
ID,21-09-2020,0.077324811,3,13,0.230769231
ID,28-09-2020,0.12898125,7,18,0.388888889
ID,05-10-2020,0.047222222,4,8,0.5
ID,12-10-2020,0.091953317,8,29,0.275862069
ID,19-10-2020,0.146655756,16,30,0.533333333
ID,26-10-2020,0.120656566,10,12,0.833333333
ID,02-11-2020,0.210212418,9,8,1.125
ID,09-11-2020,0.107666667,5,10,0.5
ID,16-11-2020,0.121789322,3,12,0.25
IE,23-03-2020,0.048883277,4,11,0.363636364
IE,30-03-2020,0.075912081,5,14,0.357142857
IE,06-04-2020,0.036428571,7,28,0.25
IE,13-04-2020,-0.034281479,3,43,0.069767442
IE,20-04-2020,0.01284219,6,17,0.352941176
IE,27-04-2020,0.09979123,10,21,0.476190476
IE,04-05-2020,0.154099688,31,63,0.492063492
IE,11-05-2020,0.111380044,29,54,0.537037037
IE,18-05-2020,0.176986622,14,33,0.424242424
IE,25-05-2020,0.105110148,18,35,0.514285714
IE,01-06-2020,0.185420454,26,45,0.577777778
IE,08-06-2020,0.145369158,23,36,0.638888889
IE,15-06-2020,0.196935271,32,34,0.941176471
IE,22-06-2020,0.126950895,31,74,0.418918919
IE,29-06-2020,0.161039651,35,48,0.729166667
IE,06-07-2020,0.149927166,29,36,0.805555556
IE,13-07-2020,0.167411017,40,49,0.816326531
IE,20-07-2020,0.222033224,44,35,1.257142857
IE,27-07-2020,0.141763211,38,49,0.775510204
IE,03-08-2020,0.192928109,36,50,0.72
IE,10-08-2020,0.159425336,15,17,0.882352941
IE,17-08-2020,0.131347968,35,58,0.603448276
IE,24-08-2020,0.115132141,33,71,0.464788732
IE,31-08-2020,0.172838091,34,45,0.755555556
IE,07-09-2020,0.199481697,33,44,0.75
IE,14-09-2020,0.156511784,19,36,0.527777778
IE,21-09-2020,0.078928328,8,29,0.275862069
IE,28-09-2020,0.046247712,12,55,0.218181818
IE,05-10-2020,0.108412589,21,45,0.466666667
IE,12-10-2020,0.088447403,35,90,0.388888889
IE,19-10-2020,0.051018975,32,122,0.262295082
IE,26-10-2020,0.138204096,81,160,0.50625
IE,02-11-2020,0.205338121,31,50,0.62
IE,09-11-2020,0.143452008,31,50,0.62
IE,16-11-2020,0.135661107,19,37,0.513513514
IE,23-11-2020,0.102840909,4,7,0.571428571
IL,23-03-2020,0.116666667,2,3,0.666666667
IL,30-03-2020,0.116091751,4,11,0.363636364
IL,06-04-2020,-0.115833333,2,13,0.153846154
IL,13-04-2020,0.028525414,4,43,0.093023256
IL,20-04-2020,-0.041944445,1,14,0.071428571
IL,27-04-2020,-0.015734266,4,9,0.444444444
IL,04-05-2020,0.107787879,2,8,0.25
IL,11-05-2020,0.119583333,4,6,0.666666667
IL,18-05-2020,0.103882576,2,6,0.333333333
IL,25-05-2020,0.100164142,4,6,0.666666667
IL,01-06-2020,0.07148498,3,8,0.375
IL,08-06-2020,0.172222222,1,4,0.25
IL,15-06-2020,0.207900433,6,5,1.2
IL,22-06-2020,-0.044444444,1,2,0.5
IL,29-06-2020,0.254876894,2,1,2
IL,06-07-2020,0.146666667,1,1,1
IL,13-07-2020,0.129683333,3,22,0.136363636
IL,27-07-2020,0.105371212,2,38,0.052631579
IL,03-08-2020,0.119282297,2,17,0.117647059
IL,10-08-2020,0.12,1,12,0.083333333
IL,24-08-2020,0.189848485,2,3,0.666666667
IL,31-08-2020,0.061706349,1,6,0.166666667
IL,07-09-2020,0.114469697,1,4,0.25
IL,21-09-2020,0.197222222,3,3,1
IL,28-09-2020,0.172061524,5,6,0.833333333
IL,05-10-2020,0.080492424,1,3,0.333333333
IL,12-10-2020,0.166319445,6,6,1
IL,19-10-2020,0.186458333,6,6,1
IL,02-11-2020,0.153125,1,1,1
IL,09-11-2020,0.125,1,1,1
IM,13-07-2020,0.1,1,1,1
IM,07-09-2020,0.256309524,2,1,2
IN,23-03-2020,0.157805677,208,316,0.658227848
IN,30-03-2020,0.161327194,250,414,0.603864734
IN,06-04-2020,0.156155843,254,415,0.612048193
IN,13-04-2020,0.172496833,168,220,0.763636364
IN,20-04-2020,0.140302479,118,220,0.536363636
IN,27-04-2020,0.139517672,100,193,0.518134715
IN,04-05-2020,0.146012882,231,425,0.543529412
IN,11-05-2020,0.158301078,199,326,0.610429448
IN,18-05-2020,0.12428691,171,387,0.441860465
IN,25-05-2020,0.132189932,223,421,0.529691211
IN,01-06-2020,0.133606018,158,306,0.516339869
IN,08-06-2020,0.159732672,143,250,0.572
IN,15-06-2020,0.133875982,162,311,0.520900322
IN,22-06-2020,0.140572038,191,371,0.514824798
IN,29-06-2020,0.162002974,170,278,0.611510791
IN,06-07-2020,0.172422742,146,233,0.626609442
IN,13-07-2020,0.158760279,240,378,0.634920635
IN,20-07-2020,0.156227052,159,276,0.576086957
IN,27-07-2020,0.165868055,198,330,0.6
IN,03-08-2020,0.191394041,201,292,0.688356164
IN,10-08-2020,0.161810221,44,77,0.571428571
IN,17-08-2020,0.201698169,244,310,0.787096774
IN,24-08-2020,0.198595644,238,310,0.767741935
IN,31-08-2020,0.167924634,201,314,0.640127389
IN,07-09-2020,0.164153361,170,283,0.600706714
IN,14-09-2020,0.177057847,99,151,0.655629139
IN,21-09-2020,0.167258015,31,68,0.455882353
IN,28-09-2020,0.157117696,46,80,0.575
IN,05-10-2020,0.16396797,45,84,0.535714286
IN,12-10-2020,0.138579451,56,118,0.474576271
IN,19-10-2020,0.161016905,78,125,0.624
IN,26-10-2020,0.154400093,63,129,0.488372093
IN,02-11-2020,0.179783794,25,34,0.735294118
IN,09-11-2020,0.184275197,28,39,0.717948718
IN,16-11-2020,0.258901058,43,44,0.977272727
IN,23-11-2020,0.136622807,4,15,0.266666667
IQ,20-04-2020,0.042857143,1,6,0.166666667
IQ,17-08-2020,0.114285715,1,1,1
IR,30-03-2020,0.1375,1,1,1
IR,06-07-2020,0.3125,1,1,1
IR,07-09-2020,0,1,1,1
IS,18-05-2020,0.093772727,1,4,0.25
IS,22-06-2020,0.203039322,3,2,1.5
IS,13-07-2020,0.1775,1,1,1
IS,17-08-2020,0.185019841,2,2,1
IS,16-11-2020,0.0625,1,1,1
IT,23-03-2020,0.104436189,2,11,0.181818182
IT,30-03-2020,0.210458687,13,14,0.928571429
IT,06-04-2020,0.035403853,8,20,0.4
IT,13-04-2020,0.047950764,8,39,0.205128205
IT,20-04-2020,-0.000543176,5,34,0.147058824
IT,27-04-2020,0.073809036,8,29,0.275862069
IT,04-05-2020,0.091246369,31,95,0.326315789
IT,11-05-2020,0.100181627,33,88,0.375
IT,18-05-2020,0.133333043,21,56,0.375
IT,25-05-2020,0.131931296,22,54,0.407407407
IT,01-06-2020,0.126229042,11,52,0.211538462
IT,08-06-2020,0.106289795,10,43,0.23255814
IT,15-06-2020,0.130989358,16,50,0.32
IT,22-06-2020,0.149163435,22,44,0.5
IT,29-06-2020,0.094711271,9,33,0.272727273
IT,06-07-2020,0.100871212,9,25,0.36
IT,13-07-2020,0.163248609,23,37,0.621621622
IT,20-07-2020,0.156107188,17,23,0.739130435
IT,27-07-2020,0.189003658,25,34,0.735294118
IT,03-08-2020,0.077994331,9,39,0.230769231
IT,10-08-2020,0.158823887,10,17,0.588235294
IT,17-08-2020,0.162818482,17,26,0.653846154
IT,24-08-2020,0.154534904,13,21,0.619047619
IT,31-08-2020,0.0932282,13,36,0.361111111
IT,07-09-2020,0.141473865,16,39,0.41025641
IT,14-09-2020,0.166820439,7,16,0.4375
IT,21-09-2020,0.059043561,2,9,0.222222222
IT,28-09-2020,0.111574074,10,17,0.588235294
IT,05-10-2020,0.1,2,5,0.4
IT,12-10-2020,0.061398072,12,32,0.375
IT,19-10-2020,0.040254587,4,38,0.105263158
IT,26-10-2020,0.103585859,21,51,0.411764706
IT,02-11-2020,0.109755109,9,34,0.264705882
IT,09-11-2020,0.040417193,5,43,0.11627907
IT,16-11-2020,0.051668899,7,33,0.212121212
IT,23-11-2020,0.171875,2,2,1
JM,23-03-2020,0.140011223,3,6,0.5
JM,30-03-2020,0.10421964,8,11,0.727272727
JM,06-04-2020,0.102565587,4,2,2
JM,13-04-2020,-0.027235588,1,8,0.125
JM,20-04-2020,0.105503733,3,4,0.75
JM,27-04-2020,0.106002435,2,6,0.333333333
JM,04-05-2020,0.026159424,3,22,0.136363636
JM,11-05-2020,0.16197096,7,13,0.538461538
JM,18-05-2020,0.131358099,4,16,0.25
JM,25-05-2020,0.132208931,5,14,0.357142857
JM,01-06-2020,0.206877865,9,8,1.125
JM,08-06-2020,0.157472944,8,8,1
JM,15-06-2020,0.163722089,9,10,0.9
JM,22-06-2020,0.154955808,6,6,1
JM,29-06-2020,0.069419192,1,7,0.142857143
JM,06-07-2020,0.01204932,1,9,0.111111111
JM,13-07-2020,0.158454545,4,8,0.5
JM,20-07-2020,0.130005588,6,8,0.75
JM,27-07-2020,0.163574134,5,9,0.555555556
JM,03-08-2020,0.139444895,4,12,0.333333333
JM,17-08-2020,0.130613109,5,14,0.357142857
JM,24-08-2020,0.089177489,7,21,0.333333333
JM,31-08-2020,0.152244669,6,15,0.4
JM,07-09-2020,0.207705261,7,9,0.777777778
JM,14-09-2020,0.172786458,4,2,2
JM,21-09-2020,-0.128219697,1,3,0.333333333
JM,28-09-2020,0.116666667,1,2,0.5
JM,05-10-2020,0.066969697,2,8,0.25
JM,12-10-2020,0.283333334,2,2,1
JM,19-10-2020,0.4,4,2,2
JM,09-11-2020,0.047619048,1,6,0.166666667
JM,16-11-2020,0.017939815,1,2,0.5
JM,23-11-2020,0.214285715,1,1,1
JP,23-03-2020,-0.013255572,1,8,0.125
JP,30-03-2020,0.267886762,10,9,1.111111111
JP,06-04-2020,0.027300404,4,18,0.222222222
JP,13-04-2020,0.031841574,7,40,0.175
JP,20-04-2020,0.053429705,5,23,0.217391304
JP,27-04-2020,0.122983773,6,12,0.5
JP,04-05-2020,0.075712641,6,28,0.214285714
JP,11-05-2020,0.140354923,8,18,0.444444444
JP,18-05-2020,0.087519841,2,12,0.166666667
JP,25-05-2020,0.174015572,10,20,0.5
JP,01-06-2020,0.121939574,10,20,0.5
JP,08-06-2020,0.166688054,13,15,0.866666667
JP,15-06-2020,0.102383412,16,22,0.727272727
JP,22-06-2020,0.132694129,5,11,0.454545455
JP,29-06-2020,0.210439815,10,8,1.25
JP,06-07-2020,0.118290522,6,12,0.5
JP,13-07-2020,0.155526286,6,16,0.375
JP,20-07-2020,0.115122239,3,10,0.3
JP,27-07-2020,0.138451355,10,19,0.526315789
JP,03-08-2020,0.097434784,7,23,0.304347826
JP,10-08-2020,0.044147727,3,9,0.333333333
JP,17-08-2020,0.050114187,10,27,0.37037037
JP,24-08-2020,0.099680108,10,29,0.344827586
JP,31-08-2020,0.112336986,3,18,0.166666667
JP,07-09-2020,0.170070719,9,16,0.5625
JP,14-09-2020,0.086085859,3,8,0.375
JP,21-09-2020,0.099652778,1,2,0.5
JP,28-09-2020,0.093789457,2,6,0.333333333
JP,12-10-2020,0.170489583,6,14,0.428571429
JP,19-10-2020,0.041046832,4,18,0.222222222
JP,26-10-2020,0.090324675,5,10,0.5
JP,02-11-2020,0.514663272,9,2,4.5
JP,09-11-2020,0.246868687,2,3,0.666666667
JP,16-11-2020,0.125378788,3,3,1
KE,23-03-2020,0.142093506,8,17,0.470588235
KE,30-03-2020,0.243888374,21,24,0.875
KE,06-04-2020,0.242546252,16,15,1.066666667
KE,13-04-2020,0.23761078,18,18,1
KE,20-04-2020,0.062453102,7,13,0.538461538
KE,27-04-2020,0.159729437,4,6,0.666666667
KE,04-05-2020,0.2017116,19,26,0.730769231
KE,11-05-2020,0.15010799,16,30,0.533333333
KE,18-05-2020,0.099945549,8,24,0.333333333
KE,25-05-2020,0.145233937,13,23,0.565217391
KE,01-06-2020,0.257077149,13,15,0.866666667
KE,08-06-2020,0.216141775,10,11,0.909090909
KE,15-06-2020,0.223764971,15,15,1
KE,22-06-2020,0.132179901,11,24,0.458333333
KE,29-06-2020,0.091481674,10,15,0.666666667
KE,06-07-2020,0.162066685,13,14,0.928571429
KE,13-07-2020,0.108303687,9,21,0.428571429
KE,20-07-2020,0.147900274,14,20,0.7
KE,27-07-2020,0.02574404,12,49,0.244897959
KE,03-08-2020,0.169796967,22,27,0.814814815
KE,10-08-2020,0.072152778,1,4,0.25
KE,17-08-2020,0.159680782,17,22,0.772727273
KE,24-08-2020,0.201238794,19,18,1.055555556
KE,31-08-2020,0.199309302,13,13,1
KE,07-09-2020,0.130373129,9,25,0.36
KE,14-09-2020,0.085476397,7,17,0.411764706
KE,21-09-2020,0.066666667,1,5,0.2
KE,28-09-2020,0.130760471,7,12,0.583333333
KE,05-10-2020,0.179812619,9,14,0.642857143
KE,12-10-2020,0.164630682,4,4,1
KE,19-10-2020,0.111837662,8,20,0.4
KE,26-10-2020,-0.003333333,4,21,0.19047619
KE,02-11-2020,-0.029166667,1,5,0.2
KE,09-11-2020,0.083240741,4,11,0.363636364
KE,16-11-2020,0.301762153,23,7,3.285714286
KE,23-11-2020,0.06,1,4,0.25
KH,06-04-2020,0.152083334,1,1,1
KH,20-04-2020,0.015,1,1,1
KH,04-05-2020,0.016875,1,5,0.2
KH,18-05-2020,0.323484848,1,2,0.5
KH,25-05-2020,0.05650974,1,4,0.25
KH,22-06-2020,0.239285714,4,3,1.333333333
KH,29-06-2020,0.06439394,1,3,0.333333333
KH,06-07-2020,0.18989899,1,2,0.5
KH,20-07-2020,0.075888889,2,4,0.5
KH,17-08-2020,0.115625,2,2,1
KH,24-08-2020,0.14375,1,1,1
KN,11-05-2020,0.1640625,1,1,1
KN,25-05-2020,0.150462963,1,2,0.5
KR,30-03-2020,0.000130208,1,3,0.333333333
KR,06-04-2020,0.047061012,1,15,0.066666667
KR,13-04-2020,0.043369222,2,32,0.0625
KR,20-04-2020,-0.010297619,1,9,0.111111111
KR,27-04-2020,0.077595298,3,5,0.6
KR,04-05-2020,0.145908189,7,13,0.538461538
KR,11-05-2020,0.070942661,5,13,0.384615385
KR,18-05-2020,0.108287879,3,7,0.428571429
KR,25-05-2020,0.120347448,4,12,0.333333333
KR,01-06-2020,0.054001196,5,14,0.357142857
KR,08-06-2020,0.058257576,1,7,0.142857143
KR,15-06-2020,0.095324074,3,3,1
KR,22-06-2020,0.224420996,4,6,0.666666667
KR,29-06-2020,-0.002099567,1,4,0.25
KR,06-07-2020,0.080393218,1,6,0.166666667
KR,13-07-2020,0.243158009,4,3,1.333333333
KR,27-07-2020,0.111452922,4,7,0.571428571
KR,03-08-2020,0.149347329,4,7,0.571428571
KR,10-08-2020,0.123516414,2,4,0.5
KR,17-08-2020,0.14475551,6,16,0.375
KR,24-08-2020,0.156020959,11,21,0.523809524
KR,31-08-2020,0.131512358,8,16,0.5
KR,07-09-2020,0.031107226,3,10,0.3
KR,14-09-2020,0.07461039,1,4,0.25
KR,21-09-2020,0.226041667,1,2,0.5
KR,28-09-2020,0.067919759,2,12,0.166666667
KR,12-10-2020,0.148399802,12,18,0.666666667
KR,26-10-2020,0.030988456,2,16,0.125
KR,02-11-2020,0.058498039,1,7,0.142857143
KW,23-03-2020,0.0625,1,7,0.142857143
KW,30-03-2020,0.2375,1,3,0.333333333
KW,13-04-2020,0.155208333,2,6,0.333333333
KW,27-04-2020,0.107670455,1,3,0.333333333
KW,04-05-2020,0.028363396,1,8,0.125
KW,11-05-2020,0.092361111,2,10,0.2
KW,18-05-2020,0.258025568,4,4,1
KW,25-05-2020,0.061979167,3,13,0.230769231
KW,01-06-2020,0.10124876,4,12,0.333333333
KW,08-06-2020,0.092307692,2,11,0.181818182
KW,15-06-2020,0.177960613,4,7,0.571428571
KW,22-06-2020,0.094917929,1,10,0.1
KW,29-06-2020,0.24023569,5,4,1.25
KW,06-07-2020,0.14045928,2,6,0.333333333
KW,13-07-2020,0.07523064,3,12,0.25
KW,20-07-2020,-0.019504132,1,10,0.1
KW,27-07-2020,0.083333333,1,5,0.2
KW,03-08-2020,0.063137626,1,9,0.111111111
KW,17-08-2020,0.100864802,4,9,0.444444444
KW,24-08-2020,0.059090909,2,8,0.25
KW,31-08-2020,0.061688312,1,11,0.090909091
KW,07-09-2020,0.03150954,1,8,0.125
KW,16-11-2020,0.10625,1,7,0.142857143
KY,17-08-2020,-0.025,1,1,1
KZ,13-07-2020,-0.008333333,1,1,1
LA,15-06-2020,0.210795454,1,1,1
LA,22-06-2020,0.1025,1,1,1
LA,24-08-2020,-0.1,1,1,1
LB,23-03-2020,0.288295455,6,4,1.5
LB,30-03-2020,0.14469697,3,3,1
LB,06-04-2020,0.169047619,2,5,0.4
LB,13-04-2020,0.3280839,4,3,1.333333333
LB,20-04-2020,0.398295455,3,1,3
LB,04-05-2020,0.097222222,1,5,0.2
LB,11-05-2020,0.211574074,2,4,0.5
LB,25-05-2020,0.151041667,3,7,0.428571429
LB,01-06-2020,0.242962963,4,5,0.8
LB,08-06-2020,0.14375,1,1,1
LB,15-06-2020,0.199107143,1,3,0.333333333
LB,22-06-2020,0.119047619,1,2,0.5
LB,29-06-2020,0.124382716,1,2,0.5
LB,10-08-2020,-0.20125,1,7,0.142857143
LB,17-08-2020,0.383333333,3,1,3
LB,24-08-2020,0.094444445,2,4,0.5
LB,31-08-2020,0.111666667,1,3,0.333333333
LB,14-09-2020,0.185714286,1,2,0.5
LB,28-09-2020,0.177777778,1,2,0.5
LC,09-11-2020,0.21,2,3,0.666666667
LC,16-11-2020,0.070572917,2,2,1
LK,23-03-2020,0.099395461,1,3,0.333333333
LK,06-04-2020,0.0875,1,3,0.333333333
LK,13-04-2020,0.167045455,1,3,0.333333333
LK,04-05-2020,0.241041667,2,3,0.666666667
LK,18-05-2020,0.41015625,3,1,3
LK,25-05-2020,0.5,1,1,1
LK,08-06-2020,0.115,1,1,1
LK,15-06-2020,0.283333333,3,3,1
LK,22-06-2020,0.079464286,2,2,1
LK,06-07-2020,0.240625,1,1,1
LK,13-07-2020,0.241666667,2,2,1
LK,20-07-2020,0.158333333,1,5,0.2
LK,24-08-2020,0.276190476,4,5,0.8
LK,31-08-2020,0.002380952,1,1,1
LK,05-10-2020,0.364322917,2,2,1
LK,12-10-2020,0.3375,4,2,2
LK,09-11-2020,0.12405303,2,3,0.666666667
LK,16-11-2020,0.199247685,2,1,2
LR,25-05-2020,0.10546875,3,5,0.6
LR,08-06-2020,-0.041756103,1,7,0.142857143
LR,29-06-2020,0.12875,1,3,0.333333333
LU,06-07-2020,0.269708995,2,1,2
LV,22-06-2020,0.0875,1,1,1
LV,17-08-2020,0.286666667,1,1,1
LY,27-07-2020,0.109027778,1,1,1
MA,23-03-2020,0,1,1,1
MA,30-03-2020,0.336776621,7,1,7
MA,06-04-2020,0.185909091,2,2,1
MA,13-04-2020,0.259350649,2,3,0.666666667
MA,04-05-2020,0.220335723,4,4,1
MA,11-05-2020,0.221726191,2,4,0.5
MA,18-05-2020,0.177777778,1,2,0.5
MA,25-05-2020,0.2244352,2,4,0.5
MA,01-06-2020,0.067945076,1,7,0.142857143
MA,08-06-2020,0.436904762,7,2,3.5
MA,15-06-2020,0.171464646,4,5,0.8
MA,22-06-2020,0.143936147,6,4,1.5
MA,13-07-2020,0.20732203,2,1,2
MA,20-07-2020,0.216818182,1,2,0.5
MA,27-07-2020,-0.05,1,1,1
MA,03-08-2020,0.177417028,1,5,0.2
MA,17-08-2020,0.13,2,3,0.666666667
MA,07-09-2020,0.03078125,1,2,0.5
MC,20-04-2020,0.166666667,2,1,2
MC,04-05-2020,0.2,1,1,1
MC,25-05-2020,0.375,1,1,1
MC,01-06-2020,0.25,1,1,1
MC,13-07-2020,0.370833333,2,1,2
MC,27-07-2020,0.100833333,1,2,0.5
MC,12-10-2020,-0.050662879,2,6,0.333333333
MC,26-10-2020,0.184848485,4,2,2
ME,25-05-2020,0.166666667,2,1,2
MG,11-05-2020,0.325,1,1,1
ML,03-08-2020,0.2,1,1,1
MM,04-05-2020,0.2,1,1,1
MM,01-06-2020,0.133333333,1,2,0.5
MM,20-07-2020,0.1,1,1,1
MM,24-08-2020,0.15078125,2,2,1
MM,31-08-2020,0.264305556,3,1,3
MM,14-09-2020,0.135606061,1,1,1
MM,21-09-2020,0.125,1,1,1
MM,19-10-2020,0.25,2,2,1
MQ,04-05-2020,0.297727273,1,1,1
MQ,27-07-2020,-0.149107143,3,4,0.75
MQ,03-08-2020,0.225378788,2,4,0.5
MQ,24-08-2020,0.246969697,1,2,0.5
MT,04-05-2020,0.160185185,2,4,0.5
MT,11-05-2020,0.058030303,1,5,0.2
MT,25-05-2020,0.0625,1,3,0.333333333
MT,08-06-2020,0.083333333,1,2,0.5
MT,15-06-2020,0.164772728,2,2,1
MT,22-06-2020,0.083333333,1,2,0.5
MT,06-07-2020,0.221428571,1,1,1
MT,13-07-2020,0.216666667,2,1,2
MT,20-07-2020,0.295833333,2,1,2
MT,24-08-2020,0.10875,2,3,0.666666667
MT,28-09-2020,0.195833333,1,2,0.5
MT,19-10-2020,0.083535354,4,2,2
MU,30-03-2020,0.302083334,1,1,1
MU,18-05-2020,0.4,1,1,1
MU,01-06-2020,0.298611111,2,1,2
MU,13-07-2020,0.1875,1,1,1
MU,24-08-2020,0.2,1,1,1
MU,31-08-2020,0.372453704,2,1,2
MU,19-10-2020,0.539166667,4,2,2
MU,09-11-2020,0.105555556,1,1,1
MV,04-05-2020,0.27075938,4,3,1.333333333
MV,15-06-2020,0.208333334,1,1,1
MV,22-06-2020,0.074969618,1,4,0.25
MV,06-07-2020,0.072222222,1,5,0.2
MV,13-07-2020,0.208333333,1,1,1
MV,17-08-2020,0.238888889,3,3,1
MV,31-08-2020,0.190666667,1,4,0.25
MV,07-09-2020,0.078125,1,3,0.333333333
MV,14-09-2020,0.225925926,1,2,0.5
MV,05-10-2020,0.1125,2,2,1
MW,04-05-2020,0.224537037,2,2,1
MW,03-08-2020,0.265,3,2,1.5
MW,17-08-2020,0.200520833,2,2,1
MX,23-03-2020,0.12863456,2,4,0.5
MX,30-03-2020,0.082291667,3,5,0.6
MX,06-04-2020,0.183333333,2,5,0.4
MX,20-04-2020,0.170265152,3,5,0.6
MX,27-04-2020,0.139833333,3,7,0.428571429
MX,04-05-2020,0.124148815,22,38,0.578947368
MX,11-05-2020,0.05734726,18,49,0.367346939
MX,18-05-2020,0.114709235,10,25,0.4
MX,25-05-2020,0.102712498,19,49,0.387755102
MX,01-06-2020,0.102004743,16,37,0.432432432
MX,08-06-2020,0.08368858,10,29,0.344827586
MX,15-06-2020,0.135971821,13,23,0.565217391
MX,22-06-2020,0.129191993,15,34,0.441176471
MX,29-06-2020,0.089375462,11,30,0.366666667
MX,06-07-2020,0.07415922,9,26,0.346153846
MX,13-07-2020,0.070758507,11,46,0.239130435
MX,20-07-2020,0.218561057,20,22,0.909090909
MX,27-07-2020,0.147768612,17,32,0.53125
MX,03-08-2020,0.113957221,18,42,0.428571429
MX,10-08-2020,0.137258953,8,14,0.571428571
MX,17-08-2020,0.149550422,20,43,0.465116279
MX,24-08-2020,0.116089684,18,41,0.43902439
MX,31-08-2020,0.116178926,19,43,0.441860465
MX,07-09-2020,0.143222783,20,44,0.454545455
MX,14-09-2020,0.042244535,8,28,0.285714286
MX,21-09-2020,0.025490079,3,22,0.136363636
MX,28-09-2020,0.106525553,9,21,0.428571429
MX,05-10-2020,0.02475428,1,21,0.047619048
MX,12-10-2020,0.187051567,12,24,0.5
MX,19-10-2020,0.055772607,12,30,0.4
MX,26-10-2020,0.210480372,18,26,0.692307692
MX,09-11-2020,0.088419913,5,13,0.384615385
MX,16-11-2020,0.173243802,8,14,0.571428571
MX,23-11-2020,0.143592172,3,5,0.6
MY,23-03-2020,0.108670034,4,5,0.8
MY,30-03-2020,0.131229708,6,8,0.75
MY,06-04-2020,0.173207792,4,6,0.666666667
MY,13-04-2020,0.043418842,3,21,0.142857143
MY,20-04-2020,0.081606241,5,19,0.263157895
MY,27-04-2020,0.20971838,22,24,0.916666667
MY,04-05-2020,0.154089065,30,53,0.566037736
MY,11-05-2020,0.123209419,23,51,0.450980392
MY,18-05-2020,0.107065369,14,35,0.4
MY,25-05-2020,0.150304231,30,54,0.555555556
MY,01-06-2020,0.091050078,10,39,0.256410256
MY,08-06-2020,0.100461973,15,36,0.416666667
MY,15-06-2020,0.197149837,34,40,0.85
MY,22-06-2020,0.152825794,30,48,0.625
MY,29-06-2020,0.148584394,15,26,0.576923077
MY,06-07-2020,0.09034387,10,35,0.285714286
MY,13-07-2020,0.096982548,15,35,0.428571429
MY,20-07-2020,0.136398512,8,20,0.4
MY,27-07-2020,0.155410906,14,22,0.636363636
MY,03-08-2020,0.182746634,21,26,0.807692308
MY,10-08-2020,0.119873093,4,10,0.4
MY,17-08-2020,0.086252292,15,36,0.416666667
MY,24-08-2020,0.10955248,21,36,0.583333333
MY,31-08-2020,0.225815859,22,19,1.157894737
MY,07-09-2020,0.098832838,15,32,0.46875
MY,14-09-2020,0.164659091,6,14,0.428571429
MY,21-09-2020,0.149404762,4,10,0.4
MY,28-09-2020,0.044690657,4,12,0.333333333
MY,05-10-2020,0.104943064,6,17,0.352941176
MY,12-10-2020,0.151845238,16,34,0.470588235
MY,19-10-2020,0.256679293,37,43,0.860465116
MY,26-10-2020,0.153199998,24,52,0.461538462
MY,02-11-2020,0.156969096,10,17,0.588235294
MY,09-11-2020,0.247013889,11,14,0.785714286
MY,16-11-2020,0.207336587,11,15,0.733333333
MY,23-11-2020,-0.091666667,1,2,0.5
MZ,15-06-2020,0.1,1,2,0.5
NG,23-03-2020,0.194859769,61,62,0.983870968
NG,30-03-2020,0.139512008,106,150,0.706666667
NG,06-04-2020,0.150842348,51,104,0.490384615
NG,13-04-2020,0.138550628,54,97,0.556701031
NG,20-04-2020,0.097850295,41,94,0.436170213
NG,27-04-2020,0.174441958,71,88,0.806818182
NG,04-05-2020,0.170990189,197,317,0.621451104
NG,11-05-2020,0.140484933,144,237,0.607594937
NG,18-05-2020,0.136420596,77,140,0.55
NG,25-05-2020,0.155232333,94,160,0.5875
NG,01-06-2020,0.138420913,73,155,0.470967742
NG,08-06-2020,0.16190999,70,94,0.744680851
NG,15-06-2020,0.165787307,80,124,0.64516129
NG,22-06-2020,0.145668002,59,116,0.50862069
NG,29-06-2020,0.182517185,72,91,0.791208791
NG,06-07-2020,0.165823482,55,83,0.662650602
NG,13-07-2020,0.186327142,93,103,0.902912621
NG,20-07-2020,0.185574219,52,59,0.881355932
NG,27-07-2020,0.191886653,70,76,0.921052632
NG,03-08-2020,0.175509253,43,77,0.558441558
NG,10-08-2020,0.154673731,19,24,0.791666667
NG,17-08-2020,0.179906988,60,92,0.652173913
NG,24-08-2020,0.168704678,72,91,0.791208791
NG,31-08-2020,0.174793992,46,61,0.754098361
NG,07-09-2020,0.141473443,41,80,0.5125
NG,14-09-2020,0.153415076,19,36,0.527777778
NG,21-09-2020,0.027722463,2,28,0.071428571
NG,28-09-2020,0.090782728,7,29,0.24137931
NG,05-10-2020,0.229262282,12,15,0.8
NG,12-10-2020,0.186767399,14,12,1.166666667
NG,19-10-2020,0.023535252,4,27,0.148148148
NG,26-10-2020,-0.017099567,12,47,0.255319149
NG,02-11-2020,0.170816818,9,7,1.285714286
NG,09-11-2020,0.187657738,4,6,0.666666667
NG,16-11-2020,0.160182179,5,7,0.714285714
NG,23-11-2020,0.13015873,1,2,0.5
NI,24-08-2020,0.316666666,1,1,1
NL,23-03-2020,0.205233463,20,24,0.833333333
NL,30-03-2020,0.180403359,26,43,0.604651163
NL,06-04-2020,0.074837757,18,35,0.514285714
NL,13-04-2020,0.130196432,22,67,0.328358209
NL,20-04-2020,0.112794142,10,30,0.333333333
NL,27-04-2020,0.08255962,7,21,0.333333333
NL,04-05-2020,0.106880825,16,38,0.421052632
NL,11-05-2020,0.177738785,16,24,0.666666667
NL,18-05-2020,0.121571123,8,25,0.32
NL,25-05-2020,0.15667506,17,32,0.53125
NL,01-06-2020,0.219074044,24,30,0.8
NL,08-06-2020,0.217274531,24,26,0.923076923
NL,15-06-2020,0.231513317,25,23,1.086956522
NL,22-06-2020,0.237944629,25,24,1.041666667
NL,29-06-2020,0.087141204,5,19,0.263157895
NL,06-07-2020,0.249837626,14,11,1.272727273
NL,13-07-2020,0.15592194,17,18,0.944444444
NL,20-07-2020,0.101136565,8,15,0.533333333
NL,27-07-2020,0.132533144,8,12,0.666666667
NL,03-08-2020,0.133679218,13,16,0.8125
NL,10-08-2020,0.365193603,6,3,2
NL,17-08-2020,0.190096872,16,18,0.888888889
NL,24-08-2020,0.172798808,9,13,0.692307692
NL,31-08-2020,0.158076746,7,16,0.4375
NL,07-09-2020,0.196380997,11,13,0.846153846
NL,14-09-2020,0.100312208,4,13,0.307692308
NL,21-09-2020,0.02875,1,9,0.111111111
NL,28-09-2020,0.154108392,5,8,0.625
NL,05-10-2020,0.23767507,6,11,0.545454545
NL,12-10-2020,0.065947941,11,28,0.392857143
NL,19-10-2020,0.102333055,26,48,0.541666667
NL,26-10-2020,0.13557507,14,23,0.608695652
NL,02-11-2020,0.150760732,7,13,0.538461538
NL,09-11-2020,0.085870215,5,14,0.357142857
NL,16-11-2020,0.186102273,8,12,0.666666667
NL,23-11-2020,0.197429654,4,3,1.333333333
NO,30-03-2020,0.04875,1,4,0.25
NO,06-04-2020,0.166666667,2,3,0.666666667
NO,20-04-2020,0.384375,1,1,1
NO,27-04-2020,0.223958333,3,3,1
NO,04-05-2020,0.152556818,2,2,1
NO,11-05-2020,-0.0775,1,4,0.25
NO,18-05-2020,0.172693452,4,4,1
NO,25-05-2020,0.10625,3,6,0.5
NO,01-06-2020,0.208333334,1,1,1
NO,15-06-2020,0.056547619,1,6,0.166666667
NO,22-06-2020,0.117386363,1,4,0.25
NO,29-06-2020,0.089545455,1,3,0.333333333
NO,03-08-2020,0.160520833,2,2,1
NO,24-08-2020,0.253148384,4,3,1.333333333
NO,31-08-2020,0.093993506,2,5,0.4
NO,12-10-2020,0.066666667,2,4,0.5
NO,19-10-2020,0.244507576,4,4,1
NO,02-11-2020,0.1,1,2,0.5
NO,09-11-2020,0.005902778,1,5,0.2
NP,23-03-2020,0.145833333,1,2,0.5
NP,30-03-2020,0.155887446,3,8,0.375
NP,06-04-2020,0.272619048,4,3,1.333333333
NP,13-04-2020,0.109574916,2,4,0.5
NP,27-04-2020,0.205059524,2,2,1
NP,04-05-2020,0.188033854,4,6,0.666666667
NP,11-05-2020,0.154994173,6,7,0.857142857
NP,18-05-2020,0.142073864,5,11,0.454545455
NP,25-05-2020,0.158210132,6,5,1.2
NP,01-06-2020,0.133959596,7,13,0.538461538
NP,08-06-2020,0.133570488,7,16,0.4375
NP,15-06-2020,0.083530106,8,36,0.222222222
NP,22-06-2020,0.108585859,3,7,0.428571429
NP,29-06-2020,0.164017857,3,5,0.6
NP,06-07-2020,0.096022727,2,6,0.333333333
NP,13-07-2020,0.142227564,4,9,0.444444444
NP,20-07-2020,0.127295918,2,5,0.4
NP,03-08-2020,0.217592593,3,6,0.5
NP,17-08-2020,0.059166667,2,8,0.25
NP,24-08-2020,0.079463267,6,21,0.285714286
NP,31-08-2020,0.134313272,5,13,0.384615385
NP,07-09-2020,0.080980861,7,12,0.583333333
NP,14-09-2020,0.155555556,3,4,0.75
NP,28-09-2020,0.16875,1,1,1
NP,02-11-2020,0.048561508,2,4,0.5
NZ,23-03-2020,0.088574495,2,8,0.25
NZ,30-03-2020,0.110273757,4,12,0.333333333
NZ,06-04-2020,0.19203824,1,4,0.25
NZ,20-04-2020,0.077771645,3,12,0.25
NZ,27-04-2020,0.133772434,6,18,0.333333333
NZ,04-05-2020,0.096381698,13,44,0.295454545
NZ,11-05-2020,0.078139801,7,27,0.259259259
NZ,18-05-2020,0.101604278,2,15,0.133333333
NZ,25-05-2020,0.230364989,12,12,1
NZ,01-06-2020,0.114679454,4,15,0.266666667
NZ,08-06-2020,0.150520928,8,24,0.333333333
NZ,15-06-2020,0.215290017,15,13,1.153846154
NZ,22-06-2020,0.190435606,7,11,0.636363636
NZ,06-07-2020,0.184552557,4,4,1
NZ,13-07-2020,0.13177071,4,7,0.571428571
NZ,20-07-2020,0.218802339,6,4,1.5
NZ,27-07-2020,0.152155483,1,6,0.166666667
NZ,03-08-2020,0.225520254,7,7,1
NZ,10-08-2020,0.074280303,2,4,0.5
NZ,17-08-2020,0.1342073,33,74,0.445945946
NZ,24-08-2020,0.124702608,14,35,0.4
NZ,31-08-2020,0.158019223,21,35,0.6
NZ,07-09-2020,0.135527954,8,19,0.421052632
NZ,14-09-2020,0.09716589,4,9,0.444444444
NZ,21-09-2020,0.201795455,3,2,1.5
NZ,28-09-2020,0.083333333,1,2,0.5
NZ,05-10-2020,0.35530303,5,5,1
NZ,12-10-2020,0.237433712,8,8,1
NZ,19-10-2020,0.024311482,4,10,0.4
NZ,26-10-2020,0.125487013,4,10,0.4
NZ,02-11-2020,0.109743266,1,8,0.125
NZ,09-11-2020,0.170364358,2,5,0.4
OM,23-03-2020,0.166666667,1,2,0.5
OM,30-03-2020,0.1,1,2,0.5
OM,13-04-2020,0.27625,1,1,1
OM,04-05-2020,0.171064815,1,2,0.5
OM,01-06-2020,0.084217172,1,3,0.333333333
OM,08-06-2020,0.121212121,1,2,0.5
OM,15-06-2020,0.113636363,1,1,1
OM,06-07-2020,0.05625,1,1,1
OM,27-07-2020,0.229275568,2,2,1
OM,03-08-2020,0.243465909,2,2,1
OM,24-08-2020,0.1125,3,3,1
OM,31-08-2020,0.223125,1,1,1
PA,04-05-2020,0.35,1,1,1
PA,25-05-2020,0.10094697,2,1,2
PA,15-06-2020,0.0125,1,1,1
PA,29-06-2020,0.104166667,1,2,0.5
PA,20-07-2020,0.122727273,2,4,0.5
PA,27-07-2020,0.086363636,3,3,1
PA,03-08-2020,0.15,1,2,0.5
PA,17-08-2020,0.3359375,1,1,1
PA,24-08-2020,0.336237374,4,2,2
PA,31-08-2020,0.4375,1,1,1
PE,20-04-2020,0.246590909,1,1,1
PE,25-05-2020,0.235238095,3,2,1.5
PE,01-06-2020,0.143055556,1,2,0.5
PE,08-06-2020,0.25,2,1,2
PE,15-06-2020,0.047222222,2,4,0.5
PE,22-06-2020,0.121111111,1,2,0.5
PE,29-06-2020,0.444833754,3,3,1
PE,06-07-2020,0.2875,2,1,2
PE,13-07-2020,0.128888889,2,3,0.666666667
PE,17-08-2020,-0.016369048,1,5,0.2
PE,24-08-2020,0.1125,1,1,1
PE,14-09-2020,0.25,1,1,1
PE,28-09-2020,0.315625,2,2,1
PG,04-05-2020,-0.002428301,2,5,0.4
PG,11-05-2020,0.33837963,4,1,4
PG,25-05-2020,0.141919192,1,2,0.5
PG,01-06-2020,0.166599026,1,1,1
PG,08-06-2020,0.338888889,2,1,2
PG,29-06-2020,0.260606061,1,1,1
PG,13-07-2020,0.079166667,1,1,1
PH,23-03-2020,0.109584235,6,8,0.75
PH,30-03-2020,0.054269255,4,22,0.181818182
PH,06-04-2020,-0.033641975,1,8,0.125
PH,13-04-2020,0.060725309,3,6,0.5
PH,20-04-2020,0.204670875,13,17,0.764705882
PH,27-04-2020,0.173841684,19,28,0.678571429
PH,04-05-2020,0.152442696,42,76,0.552631579
PH,11-05-2020,0.179869695,43,65,0.661538462
PH,18-05-2020,0.080163317,19,65,0.292307692
PH,25-05-2020,0.1158335,24,60,0.4
PH,01-06-2020,0.134754898,32,74,0.432432432
PH,08-06-2020,0.074980532,24,63,0.380952381
PH,15-06-2020,0.133721964,36,66,0.545454545
PH,22-06-2020,0.155172505,63,121,0.520661157
PH,29-06-2020,0.146613609,54,87,0.620689655
PH,06-07-2020,0.180626003,41,57,0.719298246
PH,13-07-2020,0.126946941,52,136,0.382352941
PH,20-07-2020,0.191676883,48,64,0.75
PH,27-07-2020,0.17266291,65,88,0.738636364
PH,03-08-2020,0.136922891,44,81,0.543209877
PH,10-08-2020,0.169197737,22,29,0.75862069
PH,17-08-2020,0.1560547,105,199,0.527638191
PH,24-08-2020,0.145850203,83,153,0.54248366
PH,31-08-2020,0.189540029,86,111,0.774774775
PH,07-09-2020,0.157845724,71,117,0.606837607
PH,14-09-2020,0.148451169,38,72,0.527777778
PH,21-09-2020,0.165842514,23,44,0.522727273
PH,28-09-2020,0.142294033,22,51,0.431372549
PH,05-10-2020,0.145181485,30,41,0.731707317
PH,12-10-2020,0.252786608,76,87,0.873563218
PH,19-10-2020,0.142690223,63,113,0.557522124
PH,26-10-2020,0.183043407,51,66,0.772727273
PH,02-11-2020,0.211126652,22,27,0.814814815
PH,09-11-2020,0.106429597,16,37,0.432432432
PH,16-11-2020,0.153678151,17,31,0.548387097
PH,23-11-2020,0.079074675,6,16,0.375
PK,23-03-2020,0.181749536,16,19,0.842105263
PK,30-03-2020,0.064913994,11,33,0.333333333
PK,06-04-2020,0.148219657,9,21,0.428571429
PK,13-04-2020,0.083303292,6,23,0.260869565
PK,20-04-2020,0.158325163,6,11,0.545454545
PK,27-04-2020,0.056187376,7,25,0.28
PK,04-05-2020,0.024267502,7,24,0.291666667
PK,11-05-2020,0.081290434,12,24,0.5
PK,18-05-2020,0.219931973,11,10,1.1
PK,25-05-2020,0.24272462,18,16,1.125
PK,01-06-2020,0.062213404,3,15,0.2
PK,08-06-2020,0.062123987,10,16,0.625
PK,15-06-2020,0.109825065,6,25,0.24
PK,22-06-2020,0.064510169,5,14,0.357142857
PK,29-06-2020,0.189793504,9,14,0.642857143
PK,06-07-2020,-0.190673077,3,10,0.3
PK,13-07-2020,0.19578824,9,12,0.75
PK,20-07-2020,0.20755291,4,5,0.8
PK,27-07-2020,0.081434634,5,13,0.384615385
PK,03-08-2020,0.12952662,5,10,0.5
PK,10-08-2020,0.009598214,1,3,0.333333333
PK,17-08-2020,0.211657648,8,14,0.571428571
PK,24-08-2020,0.116497204,4,11,0.363636364
PK,31-08-2020,0.11395202,4,5,0.8
PK,07-09-2020,0.181324405,4,4,1
PK,14-09-2020,0.065922258,1,4,0.25
PK,21-09-2020,0.233333333,2,2,1
PK,28-09-2020,0.107142857,2,5,0.4
PK,12-10-2020,0.108333333,1,2,0.5
PK,16-11-2020,0.1,1,2,0.5
PL,30-03-2020,0.315151515,2,1,2
PL,06-04-2020,-0.133636364,1,10,0.1
PL,20-04-2020,0.012752525,1,14,0.071428571
PL,27-04-2020,0.048786476,3,21,0.142857143
PL,04-05-2020,0.013423295,4,44,0.090909091
PL,11-05-2020,0.044755759,6,48,0.125
PL,18-05-2020,0.054368944,11,59,0.186440678
PL,25-05-2020,0.00789453,10,100,0.1
PL,01-06-2020,0.064907613,9,73,0.123287671
PL,08-06-2020,0.083617424,7,33,0.212121212
PL,15-06-2020,-7.95E-05,1,66,0.015151515
PL,22-06-2020,0.065355851,10,57,0.175438596
PL,29-06-2020,0.033852782,6,32,0.1875
PL,06-07-2020,0.11007696,10,32,0.3125
PL,13-07-2020,0.036859979,3,55,0.054545455
PL,20-07-2020,0.060132183,4,37,0.108108108
PL,27-07-2020,0.071863275,5,49,0.102040816
PL,03-08-2020,0.082742195,7,59,0.118644068
PL,10-08-2020,0.017676768,1,8,0.125
PL,17-08-2020,0.080083099,6,51,0.117647059
PL,24-08-2020,0.080963279,7,41,0.170731707
PL,31-08-2020,0.075389025,3,34,0.088235294
PL,07-09-2020,0.035717893,8,37,0.216216216
PL,14-09-2020,0.080293792,6,35,0.171428571
PL,21-09-2020,0.029672264,1,32,0.03125
PL,28-09-2020,0.033095839,4,38,0.105263158
PL,05-10-2020,0.012176109,8,38,0.210526316
PL,12-10-2020,0.060830538,10,64,0.15625
PL,19-10-2020,0.036111111,12,50,0.24
PL,26-10-2020,0.030181734,8,61,0.131147541
PL,02-11-2020,0.038161598,5,22,0.227272727
PL,09-11-2020,0.058370288,7,34,0.205882353
PL,16-11-2020,0.046138211,5,36,0.138888889
PL,23-11-2020,0.126748252,6,7,0.857142857
PT,30-03-2020,0.225843254,2,2,1
PT,06-04-2020,0.160092593,3,3,1
PT,13-04-2020,0.225,3,4,0.75
PT,20-04-2020,0.154761905,2,3,0.666666667
PT,27-04-2020,0.144393939,2,3,0.666666667
PT,04-05-2020,0.153282828,2,4,0.5
PT,11-05-2020,0.158549784,3,4,0.75
PT,18-05-2020,0.273425926,5,4,1.25
PT,25-05-2020,0.113636364,5,11,0.454545455
PT,01-06-2020,0.178645833,4,4,1
PT,08-06-2020,0.242566288,2,2,1
PT,22-06-2020,0.19936611,4,3,1.333333333
PT,29-06-2020,0.193666667,3,2,1.5
PT,13-07-2020,0.164129139,4,5,0.8
PT,20-07-2020,0.166666667,2,6,0.333333333
PT,27-07-2020,0.118325563,3,10,0.3
PT,03-08-2020,0.178994408,4,4,1
PT,17-08-2020,0.183055556,3,3,1
PT,24-08-2020,0.231168831,2,4,0.5
PT,31-08-2020,0.026561448,2,4,0.5
PT,07-09-2020,0.220670034,8,7,1.142857143
PT,14-09-2020,0.242857143,2,5,0.4
PT,21-09-2020,0.387815656,2,1,2
PT,28-09-2020,0.168888889,2,3,0.666666667
PT,19-10-2020,0.066666667,4,6,0.666666667
PT,02-11-2020,0.1140625,2,2,1
PT,09-11-2020,0.084375,3,3,1
PT,23-11-2020,0.059333333,1,1,1
QA,23-03-2020,0.104166667,1,2,0.5
QA,30-03-2020,0.192782738,4,4,1
QA,13-04-2020,-0.035208333,1,4,0.25
QA,20-04-2020,0.082828283,1,4,0.25
QA,04-05-2020,0.119386724,4,10,0.4
QA,11-05-2020,0.03728355,3,9,0.333333333
QA,18-05-2020,0.151302083,3,9,0.333333333
QA,25-05-2020,0.12714678,12,23,0.52173913
QA,01-06-2020,0.142011905,5,20,0.25
QA,08-06-2020,0.071085859,2,13,0.153846154
QA,15-06-2020,0.089025253,4,21,0.19047619
QA,22-06-2020,0.043701627,1,10,0.1
QA,29-06-2020,-0.006200397,1,11,0.090909091
QA,06-07-2020,0.147806122,2,5,0.4
QA,20-07-2020,0.13125,2,8,0.25
QA,27-07-2020,0.095378788,4,11,0.363636364
QA,03-08-2020,0.089553872,2,13,0.153846154
QA,10-08-2020,0.166666667,1,2,0.5
QA,17-08-2020,0.188111888,6,7,0.857142857
QA,24-08-2020,0.122355769,3,10,0.3
QA,31-08-2020,0.109935898,4,9,0.444444444
QA,07-09-2020,0.150909498,13,18,0.722222222
QA,14-09-2020,0.196527778,4,5,0.8
QA,21-09-2020,0.116666667,1,2,0.5
QA,19-10-2020,0.050757576,2,4,0.5
QA,02-11-2020,0.213162879,1,1,1
RE,24-08-2020,0.215079365,1,1,1
RO,23-03-2020,0.333333333,1,2,0.5
RO,30-03-2020,0.166666667,1,2,0.5
RO,06-04-2020,0.175714286,1,2,0.5
RO,04-05-2020,0.042857143,1,6,0.166666667
RO,25-05-2020,0.1578125,1,1,1
RO,08-06-2020,0.188888889,1,1,1
RO,15-06-2020,0.216666667,2,4,0.5
RO,22-06-2020,0.235795455,3,1,3
RO,06-07-2020,0.337222222,2,3,0.666666667
RO,13-07-2020,0.188809524,3,4,0.75
RO,20-07-2020,0.433333333,2,1,2
RO,27-07-2020,0.126420455,1,7,0.142857143
RO,03-08-2020,0.029818182,2,3,0.666666667
RO,10-08-2020,0.247727273,1,2,0.5
RO,07-09-2020,0.275,2,1,2
RO,14-09-2020,0.175,1,1,1
RO,09-11-2020,0.190740741,1,2,0.5
RO,16-11-2020,0.233333333,1,2,0.5
RS,23-03-2020,0.418055556,2,1,2
RS,20-04-2020,0.17,3,3,1
RS,04-05-2020,0.199,8,2,4
RS,13-07-2020,-0.209821429,1,3,0.333333333
RS,24-08-2020,0.110795455,1,2,0.5
RS,28-09-2020,0.303571429,1,1,1
RU,06-04-2020,-0.106096681,2,12,0.166666667
RU,13-04-2020,-0.018640351,1,37,0.027027027
RU,20-04-2020,0.021666666,2,8,0.25
RU,04-05-2020,0.179586777,4,7,0.571428571
RU,25-05-2020,-0.016666667,1,6,0.166666667
RU,01-06-2020,0.272064394,1,3,0.333333333
RU,08-06-2020,0.186190476,2,5,0.4
RU,15-06-2020,0.128134921,2,8,0.25
RU,22-06-2020,0.3075,3,2,1.5
RU,29-06-2020,0.175757576,2,1,2
RU,06-07-2020,0.134090909,3,2,1.5
RU,13-07-2020,0.214981447,3,4,0.75
RU,27-07-2020,0.048611111,1,2,0.5
RU,17-08-2020,0.045422458,2,17,0.117647059
RU,24-08-2020,0.15,1,2,0.5
RU,07-09-2020,0.128125,1,3,0.333333333
RU,28-09-2020,-0.2,1,4,0.25
RU,19-10-2020,0.2,4,6,0.666666667
RU,09-11-2020,0.359722222,2,1,2
RW,15-06-2020,0.166666667,1,2,0.5
RW,22-06-2020,0.216666667,1,1,1
RW,17-08-2020,0.313444445,4,1,4
RW,24-08-2020,0.1375,1,2,0.5
RW,07-09-2020,0.095833333,1,2,0.5
RW,14-09-2020,0.125,1,1,1
RW,28-09-2020,0.118055556,1,2,0.5
SA,23-03-2020,0.2,2,1,2
SA,30-03-2020,0.113991477,3,5,0.6
SA,06-04-2020,0.103571429,2,5,0.4
SA,20-04-2020,0.102034231,1,8,0.125
SA,04-05-2020,0.044675325,7,13,0.538461538
SA,11-05-2020,0.06561047,1,8,0.125
SA,18-05-2020,0.142361111,1,3,0.333333333
SA,25-05-2020,0.325549944,5,4,1.25
SA,01-06-2020,0.113888889,2,6,0.333333333
SA,08-06-2020,0.029816919,1,9,0.111111111
SA,15-06-2020,0.195989583,4,6,0.666666667
SA,22-06-2020,0.032923731,4,16,0.25
SA,29-06-2020,0.114132231,3,8,0.375
SA,06-07-2020,0.093686869,3,6,0.5
SA,13-07-2020,0.043761628,2,9,0.222222222
SA,27-07-2020,0.04875,1,9,0.111111111
SA,03-08-2020,0.081114996,3,10,0.3
SA,10-08-2020,0.116666667,1,1,1
SA,17-08-2020,-0.008125,1,9,0.111111111
SA,24-08-2020,0.189514463,5,6,0.833333333
SA,31-08-2020,0.152534746,8,11,0.727272727
SA,07-09-2020,0.151851852,3,6,0.5
SA,14-09-2020,0.029166667,1,7,0.142857143
SA,28-09-2020,0.08,1,4,0.25
SA,05-10-2020,0.236928267,1,1,1
SA,12-10-2020,-0.004444444,2,16,0.125
SA,19-10-2020,0.001948052,2,20,0.1
SA,02-11-2020,0.073,1,4,0.25
SA,09-11-2020,-0.039285714,1,6,0.166666667
SB,03-08-2020,0.27827381,1,1,1
SC,13-07-2020,0.141666667,1,1,1
SE,23-03-2020,0.131571444,5,4,1.25
SE,30-03-2020,0.168239989,8,12,0.666666667
SE,06-04-2020,0.113002874,10,19,0.526315789
SE,13-04-2020,-0.004130592,1,43,0.023255814
SE,20-04-2020,0.012419192,4,11,0.363636364
SE,04-05-2020,0.090751748,4,9,0.444444444
SE,11-05-2020,0.198921958,8,10,0.8
SE,18-05-2020,0.138472222,4,4,1
SE,25-05-2020,0.261618266,7,5,1.4
SE,01-06-2020,0.147235738,2,7,0.285714286
SE,08-06-2020,0.186284872,5,6,0.833333333
SE,15-06-2020,0.371366643,5,4,1.25
SE,22-06-2020,0.175750561,3,6,0.5
SE,29-06-2020,0.179480519,1,4,0.25
SE,06-07-2020,0.122420635,1,6,0.166666667
SE,13-07-2020,0.166770978,2,3,0.666666667
SE,27-07-2020,0.262215909,4,4,1
SE,10-08-2020,0.216666667,1,1,1
SE,17-08-2020,0.231056548,5,3,1.666666667
SE,24-08-2020,0.038011815,1,7,0.142857143
SE,31-08-2020,0.165215515,4,5,0.8
SE,07-09-2020,0.094780389,3,6,0.5
SE,14-09-2020,0.442282197,3,2,1.5
SE,21-09-2020,0.160833334,1,1,1
SE,05-10-2020,-0.048214286,2,12,0.166666667
SE,19-10-2020,0.076675963,8,18,0.444444444
SE,26-10-2020,0.575,3,1,3
SE,02-11-2020,0.2015625,2,2,1
SE,09-11-2020,-0.016666667,1,8,0.125
SE,16-11-2020,0.126885923,2,7,0.285714286
SE,23-11-2020,0.088167388,3,4,0.75
SG,23-03-2020,0.001041667,1,3,0.333333333
SG,30-03-2020,0.023148148,2,7,0.285714286
SG,13-04-2020,0.27421875,2,2,1
SG,20-04-2020,0.191517857,5,5,1
SG,27-04-2020,0.213180415,12,15,0.8
SG,04-05-2020,0.170747306,27,50,0.54
SG,11-05-2020,0.095895288,15,44,0.340909091
SG,18-05-2020,0.189360892,18,24,0.75
SG,25-05-2020,0.169917519,28,43,0.651162791
SG,01-06-2020,0.121208162,16,43,0.372093023
SG,08-06-2020,0.071754762,13,37,0.351351351
SG,15-06-2020,0.178394933,22,25,0.88
SG,22-06-2020,0.159770466,27,47,0.574468085
SG,29-06-2020,0.139854752,15,28,0.535714286
SG,06-07-2020,0.094459409,8,19,0.421052632
SG,13-07-2020,0.133610859,20,42,0.476190476
SG,20-07-2020,0.126598514,14,30,0.466666667
SG,27-07-2020,0.131036155,11,28,0.392857143
SG,03-08-2020,0.215515007,18,18,1
SG,10-08-2020,0.084279514,7,9,0.777777778
SG,17-08-2020,0.101774368,21,50,0.42
SG,24-08-2020,0.166622083,17,29,0.586206897
SG,31-08-2020,0.113227851,11,29,0.379310345
SG,07-09-2020,0.02278487,11,39,0.282051282
SG,14-09-2020,0.027667984,3,20,0.15
SG,21-09-2020,0.085243056,3,13,0.230769231
SG,28-09-2020,0.126194986,6,15,0.4
SG,05-10-2020,0.096474359,3,10,0.3
SG,12-10-2020,0.061363636,6,31,0.193548387
SG,19-10-2020,0.118271254,12,24,0.5
SG,26-10-2020,0.104135686,6,21,0.285714286
SG,02-11-2020,0.125566944,6,11,0.545454545
SG,09-11-2020,0.071322314,3,8,0.375
SG,16-11-2020,0.001190476,1,6,0.166666667
SG,23-11-2020,0.262,3,2,1.5
SI,06-04-2020,0.1125,1,3,0.333333333
SI,25-05-2020,0.25,1,1,1
SI,31-08-2020,0.045238095,1,2,0.5
SK,30-03-2020,0.175,1,1,1
SK,06-07-2020,0.308333333,2,1,2
SL,06-04-2020,0.28125,3,1,3
SL,04-05-2020,0.1,1,1,1
SL,18-05-2020,0.116666667,2,1,2
SL,01-06-2020,0.1,1,2,0.5
SR,23-03-2020,0.155555556,1,1,1
SV,17-08-2020,0.225,1,1,1
SX,25-05-2020,0.266666667,1,2,0.5
SX,08-06-2020,0.15,1,3,0.333333333
SY,22-06-2020,0.2,1,1,1
SZ,01-06-2020,-0.008333333,1,2,0.5
SZ,17-08-2020,0.416666667,2,1,2
TC,25-05-2020,0.113293651,1,1,1
TC,15-06-2020,0.264488636,2,1,2
TC,17-08-2020,0.103836219,1,4,0.25
TG,17-08-2020,0.1875,1,1,1
TH,23-03-2020,0.205606061,8,3,2.666666667
TH,30-03-2020,0.118855219,3,6,0.5
TH,06-04-2020,-0.090915167,1,18,0.055555556
TH,13-04-2020,-0.02027027,1,36,0.027777778
TH,20-04-2020,-0.039295635,2,14,0.142857143
TH,27-04-2020,0.070896239,7,19,0.368421053
TH,04-05-2020,0.098109946,17,42,0.404761905
TH,11-05-2020,0.114639228,19,33,0.575757576
TH,18-05-2020,0.122725511,14,29,0.482758621
TH,25-05-2020,0.116020845,12,34,0.352941176
TH,01-06-2020,0.124561642,14,25,0.56
TH,08-06-2020,0.123272379,11,18,0.611111111
TH,15-06-2020,0.138685065,12,23,0.52173913
TH,22-06-2020,0.12160251,14,30,0.466666667
TH,29-06-2020,0.119063885,8,20,0.4
TH,06-07-2020,0.193048856,7,7,1
TH,13-07-2020,0.113259492,9,13,0.692307692
TH,20-07-2020,0.156396187,11,18,0.611111111
TH,27-07-2020,0.168557015,16,18,0.888888889
TH,03-08-2020,0.191565009,18,21,0.857142857
TH,10-08-2020,0.203936688,3,5,0.6
TH,17-08-2020,0.307896796,15,13,1.153846154
TH,24-08-2020,0.168441628,12,14,0.857142857
TH,31-08-2020,0.110107098,8,26,0.307692308
TH,07-09-2020,0.155402068,7,17,0.411764706
TH,14-09-2020,0.134709338,4,10,0.4
TH,21-09-2020,-0.057670455,2,22,0.090909091
TH,28-09-2020,0.107278993,4,15,0.266666667
TH,05-10-2020,0.129409091,4,6,0.666666667
TH,12-10-2020,0.030416667,4,16,0.25
TH,26-10-2020,0.132765152,4,12,0.333333333
TH,02-11-2020,0.117575758,3,7,0.428571429
TH,16-11-2020,0.227160494,4,5,0.8
TN,06-04-2020,0.170138889,2,1,2
TN,04-05-2020,0.144543651,2,4,0.5
TN,11-05-2020,0.125,1,1,1
TN,29-06-2020,0.10625,1,1,1
TR,23-03-2020,0.103819444,2,10,0.2
TR,30-03-2020,0.103623444,7,29,0.24137931
TR,06-04-2020,0.088692068,6,11,0.545454545
TR,13-04-2020,0.109412879,2,8,0.25
TR,04-05-2020,0.132267992,3,9,0.333333333
TR,11-05-2020,0.125378788,2,7,0.285714286
TR,18-05-2020,0.104234984,3,5,0.6
TR,25-05-2020,0.201535353,8,7,1.142857143
TR,01-06-2020,0.159814815,7,8,0.875
TR,08-06-2020,0.075744048,3,11,0.272727273
TR,15-06-2020,-0.053331787,3,4,0.75
TR,22-06-2020,0.2573315,6,6,1
TR,20-07-2020,0.165784993,2,3,0.666666667
TR,17-08-2020,0.334420455,6,4,1.5
TR,24-08-2020,0.028584957,1,3,0.333333333
TR,07-09-2020,0.162586806,5,8,0.625
TR,14-09-2020,0.061643518,1,5,0.2
TR,28-09-2020,-0.051388889,2,4,0.5
TR,02-11-2020,0.108080808,1,2,0.5
TR,09-11-2020,0.207007576,1,3,0.333333333
TR,16-11-2020,0.193742985,3,6,0.5
TT,30-03-2020,0.082666667,1,4,0.25
TT,27-04-2020,0.075757576,1,2,0.5
TT,04-05-2020,0.138898008,5,4,1.25
TT,11-05-2020,0.176893939,6,3,2
TT,18-05-2020,0.203535353,4,2,2
TT,25-05-2020,0.108057851,6,5,1.2
TT,01-06-2020,0.159469697,8,4,2
TT,15-06-2020,0.215656565,8,1,8
TT,22-06-2020,0.164102564,7,6,1.166666667
TT,29-06-2020,0.4,1,1,1
TT,06-07-2020,0.081944444,1,3,0.333333333
TT,03-08-2020,0.173784722,4,8,0.5
TT,10-08-2020,0.240796704,1,1,1
TT,17-08-2020,0.109930014,2,13,0.153846154
TT,24-08-2020,0.11788072,5,9,0.555555556
TT,31-08-2020,0.115905584,3,15,0.2
TT,07-09-2020,0.123158307,10,19,0.526315789
TT,14-09-2020,0.165952797,5,8,0.625
TT,28-09-2020,0.187878788,2,1,2
TT,12-10-2020,0.238636364,4,4,1
TT,19-10-2020,0.142676768,2,4,0.5
TT,26-10-2020,0.096969697,2,3,0.666666667
TT,02-11-2020,0.121212121,1,1,1
TT,09-11-2020,0.101948052,1,1,1
TW,18-05-2020,0.075,1,2,0.5
TW,15-06-2020,0.231666667,1,4,0.25
TW,29-06-2020,0.344791667,3,1,3
TW,24-08-2020,0.226125,3,2,1.5
TW,07-09-2020,0.238888889,3,1,3
TZ,23-03-2020,0.25,2,1,2
TZ,30-03-2020,0.323015873,5,2,2.5
TZ,06-04-2020,-0.070654297,1,5,0.2
TZ,13-04-2020,0.18375,1,4,0.25
TZ,20-04-2020,0.2,2,1,2
TZ,27-04-2020,0.198148148,3,3,1
TZ,04-05-2020,0.231829837,6,7,0.857142857
TZ,11-05-2020,0.152214795,8,9,0.888888889
TZ,18-05-2020,0.229908173,6,5,1.2
TZ,25-05-2020,0.132613379,5,9,0.555555556
TZ,01-06-2020,0.252465565,6,5,1.2
TZ,08-06-2020,0.134128788,5,5,1
TZ,15-06-2020,0.266666667,2,1,2
TZ,22-06-2020,0.220833333,2,2,1
TZ,29-06-2020,0.022916667,2,4,0.5
TZ,13-07-2020,0.015,1,4,0.25
TZ,20-07-2020,0.389302399,5,1,5
TZ,27-07-2020,0.464693878,5,2,2.5
TZ,10-08-2020,0.1015625,1,7,0.142857143
TZ,24-08-2020,0.150426136,1,3,0.333333333
TZ,31-08-2020,0.168481155,4,3,1.333333333
UA,11-05-2020,0.1375,1,1,1
UA,01-06-2020,0.05,1,3,0.333333333
UA,15-06-2020,0.043484849,1,4,0.25
UA,22-06-2020,0.272186147,3,2,1.5
UA,20-07-2020,0.295707071,2,1,2
UA,27-07-2020,0.3,1,1,1
UA,17-08-2020,0.266666667,2,1,2
UA,31-08-2020,0.465151515,3,1,3
UA,09-11-2020,-0.009659091,1,1,1
UG,23-03-2020,0.197881945,6,4,1.5
UG,30-03-2020,0.142163173,4,15,0.266666667
UG,06-04-2020,0.027239305,4,13,0.307692308
UG,13-04-2020,0.121383973,3,4,0.75
UG,20-04-2020,0.094353693,2,4,0.5
UG,27-04-2020,0.1375,1,3,0.333333333
UG,04-05-2020,0.12575954,12,18,0.666666667
UG,11-05-2020,0.141470831,9,12,0.75
UG,18-05-2020,0.069412994,1,12,0.083333333
UG,25-05-2020,0.203769841,9,6,1.5
UG,01-06-2020,0.134751082,8,12,0.666666667
UG,08-06-2020,0.071939634,5,10,0.5
UG,15-06-2020,0.047763672,5,11,0.454545455
UG,22-06-2020,0.053935185,4,10,0.4
UG,29-06-2020,0.05425505,2,10,0.2
UG,06-07-2020,0.129244367,6,7,0.857142857
UG,13-07-2020,0.149085038,5,12,0.416666667
UG,20-07-2020,0.154262757,5,6,0.833333333
UG,27-07-2020,0.191009876,9,7,1.285714286
UG,03-08-2020,0.108761062,3,8,0.375
UG,17-08-2020,0.305806019,4,3,1.333333333
UG,24-08-2020,0.156662358,8,10,0.8
UG,31-08-2020,0.137469938,8,16,0.5
UG,07-09-2020,0.081111111,2,4,0.5
UG,14-09-2020,0.147172619,2,2,1
UG,28-09-2020,0.146428571,2,5,0.4
UG,12-10-2020,0.3,2,4,0.5
UG,19-10-2020,0.065356692,2,6,0.333333333
UG,26-10-2020,0.236363636,6,5,1.2
UG,09-11-2020,0.126785714,2,2,1
US,23-03-2020,0.129219213,420,875,0.48
US,30-03-2020,0.12384397,649,1373,0.472687546
US,06-04-2020,0.140835534,539,969,0.55624355
US,13-04-2020,0.146078156,422,857,0.492415403
US,20-04-2020,0.109513275,443,1046,0.423518164
US,27-04-2020,0.131033377,585,1156,0.506055363
US,04-05-2020,0.122215744,1601,3511,0.455995443
US,11-05-2020,0.136834698,1609,3151,0.510631546
US,18-05-2020,0.109100976,1025,2439,0.420254203
US,25-05-2020,0.126798496,1385,2963,0.467431657
US,01-06-2020,0.125221347,1069,2375,0.450105263
US,08-06-2020,0.118757676,770,1705,0.451612903
US,15-06-2020,0.142641031,1098,2149,0.510935319
US,22-06-2020,0.144202497,1252,2345,0.533901919
US,29-06-2020,0.130679968,1018,2162,0.470860315
US,06-07-2020,0.160153767,1042,1768,0.589366516
US,13-07-2020,0.139442125,1476,2854,0.517168886
US,20-07-2020,0.142622963,1166,2034,0.573254671
US,27-07-2020,0.145406734,1412,2591,0.544963335
US,03-08-2020,0.152688331,1513,2567,0.589403974
US,10-08-2020,0.134034736,498,994,0.501006036
US,17-08-2020,0.147232835,1851,3253,0.569013219
US,24-08-2020,0.148293399,1902,3230,0.588854489
US,31-08-2020,0.140555331,1644,2955,0.556345178
US,07-09-2020,0.158481872,1765,2874,0.614126653
US,14-09-2020,0.132401343,862,1757,0.490608993
US,21-09-2020,0.114673428,426,1076,0.395910781
US,28-09-2020,0.128517653,577,1372,0.420553936
US,05-10-2020,0.119887409,565,1298,0.435285054
US,12-10-2020,0.135433966,1011,2208,0.457880435
US,19-10-2020,0.126712815,1118,2460,0.454471545
US,26-10-2020,0.136637063,1142,2433,0.469379367
US,02-11-2020,0.155250098,662,1329,0.498118886
US,09-11-2020,0.110162491,436,1156,0.37716263
US,16-11-2020,0.135716672,599,1221,0.490581491
US,23-11-2020,0.127743104,178,427,0.416861827
VE,20-04-2020,0.083333333,1,2,0.5
VE,11-05-2020,0.067472528,3,10,0.3
VE,18-05-2020,0.067559524,2,5,0.4
VE,01-06-2020,0.114621212,1,2,0.5
VE,08-06-2020,0.111447811,1,2,0.5
VE,15-06-2020,-0.040416667,1,4,0.25
VE,22-06-2020,0.159791667,3,5,0.6
VE,29-06-2020,0.134166667,1,4,0.25
VE,06-07-2020,0.095486111,1,3,0.333333333
VE,13-07-2020,0.13125,2,2,1
VE,27-07-2020,0.175,2,2,1
VE,03-08-2020,0.163229167,2,2,1
VE,17-08-2020,0.131565657,1,5,0.2
VE,24-08-2020,0.032142857,1,6,0.166666667
VE,31-08-2020,0.056818182,1,2,0.5
VE,21-09-2020,0.364285714,1,2,0.5
VN,23-03-2020,-0.054320988,2,4,0.5
VN,06-04-2020,0.071296296,1,1,1
VN,20-04-2020,0.157222222,1,2,0.5
VN,04-05-2020,-0.036342593,1,8,0.125
VN,11-05-2020,0.264123377,5,2,2.5
VN,01-06-2020,0.152689394,2,1,2
VN,08-06-2020,0.134632035,1,1,1
VN,29-06-2020,0.217857143,1,1,1
VN,27-07-2020,0.11714436,2,7,0.285714286
VN,03-08-2020,0.048177083,2,6,0.333333333
VN,10-08-2020,0.248863636,2,1,2
VN,17-08-2020,0.057178932,2,5,0.4
VN,24-08-2020,0.208723958,4,4,1
VN,31-08-2020,0.046222222,1,4,0.25
VN,07-09-2020,-0.054583333,1,4,0.25
YE,22-06-2020,0.191666666,1,1,1
ZA,23-03-2020,0.094931883,18,42,0.428571429
ZA,30-03-2020,0.103448646,39,68,0.573529412
ZA,06-04-2020,0.102335475,17,43,0.395348837
ZA,13-04-2020,0.06719428,19,67,0.28358209
ZA,20-04-2020,0.153436664,17,40,0.425
ZA,27-04-2020,0.11412828,16,47,0.340425532
ZA,04-05-2020,0.136166893,80,121,0.661157025
ZA,11-05-2020,0.140857217,67,125,0.536
ZA,18-05-2020,0.138251888,31,70,0.442857143
ZA,25-05-2020,0.128456078,54,134,0.402985075
ZA,01-06-2020,0.129844095,49,103,0.475728155
ZA,08-06-2020,0.134578164,36,74,0.486486486
ZA,15-06-2020,0.131840374,44,108,0.407407407
ZA,22-06-2020,0.192902902,124,147,0.843537415
ZA,29-06-2020,0.16879154,60,93,0.64516129
ZA,06-07-2020,0.13874691,49,99,0.494949495
ZA,13-07-2020,0.156550762,104,179,0.581005587
ZA,20-07-2020,0.204528052,68,82,0.829268293
ZA,27-07-2020,0.167930717,81,116,0.698275862
ZA,03-08-2020,0.169007079,78,92,0.847826087
ZA,10-08-2020,0.169647646,26,32,0.8125
ZA,17-08-2020,0.128866619,86,184,0.467391304
ZA,24-08-2020,0.131157072,82,159,0.51572327
ZA,31-08-2020,0.143098919,87,182,0.478021978
ZA,07-09-2020,0.14644022,79,173,0.456647399
ZA,14-09-2020,0.080602222,32,136,0.235294118
ZA,21-09-2020,0.078419264,20,86,0.23255814
ZA,28-09-2020,0.035474029,13,113,0.115044248
ZA,05-10-2020,0.111746032,16,44,0.363636364
ZA,12-10-2020,0.135531463,36,44,0.818181818
ZA,19-10-2020,0.142769801,22,50,0.44
ZA,26-10-2020,0.145483355,24,48,0.5
ZA,02-11-2020,0.19405303,11,19,0.578947368
ZA,09-11-2020,0.055805826,6,34,0.176470588
ZA,16-11-2020,0.12510806,13,28,0.464285714
ZA,23-11-2020,0.043051948,1,10,0.1
ZM,30-03-2020,0.153042478,1,3,0.333333333
ZM,13-04-2020,-0.1125,1,2,0.5
ZM,27-04-2020,0.151858428,1,3,0.333333333
ZM,04-05-2020,0.106969697,1,4,0.25
ZM,11-05-2020,0.030826118,1,6,0.166666667
ZM,18-05-2020,0.17687991,3,6,0.5
ZM,25-05-2020,0.134054834,1,6,0.166666667
ZM,01-06-2020,0.088888889,1,2,0.5
ZM,08-06-2020,0.2,2,2,1
ZM,22-06-2020,0.016666667,1,1,1
ZM,20-07-2020,0.106569602,1,3,0.333333333
ZM,27-07-2020,0.05,1,2,0.5
ZM,03-08-2020,0.130397727,2,2,1
ZM,31-08-2020,0.116641865,1,3,0.333333333
ZM,26-10-2020,0.066666667,2,4,0.5
ZW,30-03-2020,0.196645022,3,4,0.75
ZW,06-04-2020,0.176851852,1,1,1
ZW,13-04-2020,0.25,1,1,1
ZW,27-04-2020,0.175,1,1,1
ZW,04-05-2020,0.073214286,2,5,0.4
ZW,18-05-2020,0.3,3,2,1.5
ZW,25-05-2020,0.210555555,3,2,1.5
ZW,15-06-2020,0.291666667,4,3,1.333333333
ZW,29-06-2020,0.223863637,2,2,1
ZW,13-07-2020,0.166666667,1,2,0.5
ZW,20-07-2020,0.119097222,2,4,0.5
ZW,27-07-2020,0.126560847,4,5,0.8
ZW,10-08-2020,0.125,1,3,0.333333333
ZW,17-08-2020,0.104636364,2,3,0.666666667
ZW,24-08-2020,0.089285714,1,4,0.25
ZW,31-08-2020,0.213392857,1,3,0.333333333
ZW,14-09-2020,0.1,1,1,1
ZW,28-09-2020,0.084280303,1,3,0.333333333
