Country,Date,Sentiment Score,Positive,Negative
GB,2020-03-23,0.11464050430584195,239,52
MA,2020-03-23,0.0,1,1
BE,2020-03-23,0.04469696966666666,11,1
RS,2020-03-23,0.4180555556666667,2,1
MY,2020-03-23,0.10867003366666667,7,2
AT,2020-03-23,0.157986111125,7,1
LR,2020-03-23,0.05454545425,3,1
US,2020-03-23,0.1292192129513512,1099,196
NZ,2020-03-23,0.0885744948,7,3
TH,2020-03-23,0.20560606054545458,10,1
SA,2020-03-23,0.19999999999999998,2,1
IL,2020-03-23,0.11666666659999998,4,1
CN,2020-03-23,-0.007859848374999992,5,3
ZA,2020-03-23,0.09493188333333333,45,15
DK,2020-03-23,0.10432954539999999,4,1
DE,2020-03-23,0.08636522720833333,58,14
AU,2020-03-23,0.10028031344444445,29,7
PH,2020-03-23,0.10958423514285716,10,4
BR,2020-03-23,0.185,15,5
VN,2020-03-23,-0.05432098766666666,3,3
PK,2020-03-23,0.18174953614285713,31,4
IN,2020-03-23,0.15780567747709912,458,66
IT,2020-03-23,0.10443618884615383,10,3
IE,2020-03-23,0.04888327720000001,10,5
MX,2020-03-23,0.12863455983333336,4,2
BS,2020-03-23,0.008333333000000005,1,1
GH,2020-03-23,0.018485958461538474,9,4
PT,2020-03-23,-0.0066666666,4,1
SE,2020-03-23,0.13157144355555556,8,1
CH,2020-03-23,0.13545673076923076,12,1
DO,2020-03-23,0.3309895835,1,1
CA,2020-03-23,0.16688062318309863,61,10
ID,2020-03-23,0.137668473,25,6
NG,2020-03-23,0.19485976852032513,110,13
SG,2020-03-23,0.0010416667499999963,1,3
ES,2020-03-23,0.1574242424,13,2
AE,2020-03-23,0.113678023,29,4
KE,2020-03-23,0.14209350648000002,21,4
NO,2020-03-23,-0.20833333333333334,2,1
UG,2020-03-23,0.1978819445,8,2
NL,2020-03-23,0.2052334628863636,38,6
JP,2020-03-23,-0.013255571666666667,7,2
HK,2020-03-30,-0.111111111,1,1
NO,2020-03-30,0.04875,4,1
CA,2020-03-30,0.11906170274400005,104,21
QA,2020-03-30,0.192782738125,7,1
AU,2020-03-30,0.10621739889411763,66,19
BH,2020-03-30,-0.06671340825,2,2
IT,2020-03-30,0.21045868733333334,23,4
MX,2020-03-30,0.08229166662500001,7,1
TR,2020-03-30,0.10362344408333332,34,2
TZ,2020-03-30,0.323015873,6,1
GB,2020-03-30,0.10605974374714836,429,97
UG,2020-03-30,0.1421631730526316,17,2
IE,2020-03-30,0.07591208126315789,16,3
PH,2020-03-30,0.05426925503846154,23,3
BR,2020-03-30,0.2544919639655172,27,2
AE,2020-03-30,0.14424070439534883,37,6
NL,2020-03-30,0.1804033585217391,63,6
CW,2020-03-30,-0.13333333333333333,2,1
PK,2020-03-30,0.06491399374999998,36,8
ID,2020-03-30,0.12131819098305084,53,6
GH,2020-03-30,0.09978277674285714,28,7
CY,2020-03-30,0.12465277775,3,1
BD,2020-03-30,-0.0206944444,6,4
IN,2020-03-30,0.1613271939518071,580,84
EG,2020-03-30,0.029166666666666664,5,1
DK,2020-03-30,0.10925925922222222,8,1
JM,2020-03-30,0.10421964,18,1
CZ,2020-03-30,0.049537037000000006,2,1
ES,2020-03-30,0.02924100784615384,22,4
DE,2020-03-30,0.1479536967195122,74,8
JP,2020-03-30,0.26788676231578945,18,1
US,2020-03-30,0.12384396976013863,1708,314
NZ,2020-03-30,0.110273756875,13,3
NP,2020-03-30,0.1558874459090909,10,1
SG,2020-03-30,0.023148148111111114,7,2
SA,2020-03-30,0.11399147724999997,7,1
ZA,2020-03-30,0.10344864603738321,85,22
HU,2020-03-30,-0.017803030333333334,2,1
CN,2020-03-30,0.07752074312499999,5,3
JO,2020-03-30,0.025,1,1
SE,2020-03-30,0.16823998925,16,4
MY,2020-03-30,0.13122970778571427,10,4
NG,2020-03-30,0.13951200830468752,215,41
AT,2020-03-30,0.10346119922222223,7,2
FR,2020-03-30,0.06666852926086957,15,8
SI,2020-03-30,0.02996633,2,1
KR,2020-03-30,0.0001302082499999857,3,1
BE,2020-03-30,0.09200487014285715,11,3
KE,2020-03-30,0.24388837448888886,42,3
NL,2020-04-06,0.0748377573773585,40,13
UG,2020-04-06,0.02723930482352941,15,2
GR,2020-04-06,0.12520461314285716,6,1
NG,2020-04-06,0.15084234816774197,136,19
BE,2020-04-06,0.01344696966666666,8,1
ID,2020-04-06,0.21293650788571428,33,2
IE,2020-04-06,0.036428571428571435,30,5
TR,2020-04-06,0.08869206770588235,15,2
NO,2020-04-06,0.1666666666,4,1
CN,2020-04-06,0.06145833337499999,6,2
IN,2020-04-06,0.15615584252316894,586,83
IL,2020-04-06,-0.1158333334,9,6
MY,2020-04-06,0.1732077922,9,1
BR,2020-04-06,0.10362654322222221,21,6
SE,2020-04-06,0.11300287351724132,23,6
ZA,2020-04-06,0.1023354751,50,10
SA,2020-04-06,0.10357142857142856,5,2
FI,2020-04-06,0.14283333339999998,4,1
US,2020-04-06,0.1408355340125994,1293,215
DE,2020-04-06,0.09868109084523817,69,15
PH,2020-04-06,-0.033641975333333324,7,2
TH,2020-04-06,-0.09091516678947369,12,7
AT,2020-04-06,-0.15,6,2
CH,2020-04-06,0.048023907863636354,19,3
FR,2020-04-06,0.06796875000000001,16,5
DK,2020-04-06,0.07722030575,6,2
KR,2020-04-06,0.04706101187499999,11,5
AE,2020-04-06,0.12110164141176473,33,1
CA,2020-04-06,0.1729941307283951,68,13
KW,2020-04-06,-0.0786328124,3,2
SL,2020-04-06,0.28125,3,1
KE,2020-04-06,0.24254625203225802,30,1
SI,2020-04-06,0.1125,3,1
ES,2020-04-06,-0.03489583333333333,15,9
JP,2020-04-06,0.02730040359090907,9,13
RU,2020-04-06,-0.10609668114285715,10,4
VN,2020-04-06,0.07129629600000001,1,1
PL,2020-04-06,-0.13363636363636364,8,3
JM,2020-04-06,0.10256558650000001,4,2
TZ,2020-04-06,-0.07065429683333332,3,3
PT,2020-04-06,0.16009259266666667,5,1
BS,2020-04-06,0.011458333500000011,2,2
GH,2020-04-06,0.14602272727272728,9,2
GB,2020-04-06,0.09766531412844041,271,56
AU,2020-04-06,0.13995716676595746,41,6
IT,2020-04-06,0.035403852535714285,18,10
PK,2020-04-06,0.14821965693333333,25,5
ZM,2020-04-13,-0.1125,2,1
IR,2020-04-13,-0.06222222246666667,2,13
BR,2020-04-13,0.01753952560869565,33,13
KE,2020-04-13,0.23761078044444447,33,3
KR,2020-04-13,0.04336922249999999,21,13
NG,2020-04-13,0.13855062841721863,137,14
KH,2020-04-13,-0.03125,1,1
CA,2020-04-13,0.1325613275783132,67,16
IQ,2020-04-13,-0.0400000002,10,15
IN,2020-04-13,0.17249683349999995,330,58
BY,2020-04-13,-0.01756272416129033,15,16
IL,2020-04-13,0.028525413617021274,32,15
IE,2020-04-13,-0.03428147947826087,29,17
JM,2020-04-13,-0.027235587666666672,8,1
CH,2020-04-13,0.038350070395348844,27,16
UG,2020-04-13,0.12138397328571429,6,1
MX,2020-04-13,0.032251082285714286,6,1
MY,2020-04-13,0.04341884225,10,14
JP,2020-04-13,0.03184157414893616,21,26
IT,2020-04-13,0.047950763680851084,33,14
US,2020-04-13,0.14607815633307272,1089,190
CN,2020-04-13,0.16619543649999996,6,2
BE,2020-04-13,0.07488456246153848,20,19
SI,2020-04-13,-0.033333333400000005,3,2
ES,2020-04-13,0.018028516326923073,36,16
FR,2020-04-13,-0.009062500133333337,15,15
DK,2020-04-13,-0.014229415477272729,27,17
SE,2020-04-13,-0.004130591772727272,29,15
AU,2020-04-13,0.1999698964545455,28,5
BD,2020-04-13,0.13999999999999999,4,1
AT,2020-04-13,0.1545138888888889,8,1
PH,2020-04-13,0.06072530877777777,6,3
GH,2020-04-13,0.09784954810526315,16,3
RU,2020-04-13,-0.018640350921052633,23,15
ZA,2020-04-13,0.06719428040697675,64,22
PK,2020-04-13,0.08330329151724139,17,12
PL,2020-04-13,-0.031190476314285714,20,15
DE,2020-04-13,0.09531332801052633,75,20
QA,2020-04-13,-0.0352083334,3,2
AE,2020-04-13,0.231718205125,29,3
NL,2020-04-13,0.13019643178651685,67,22
ID,2020-04-13,0.15651112448837212,37,6
GB,2020-04-13,0.12533757786135694,287,52
NO,2020-04-13,0.02263468,2,1
TH,2020-04-13,-0.020270270405405407,21,16
NZ,2020-04-13,0.06566558433333333,4,2
EG,2020-04-13,0.2888888888888889,8,1
HR,2020-04-13,0.0,1,1
TZ,2020-04-13,0.18375000000000002,4,1
JM,2020-04-20,0.105503733,6,1
RU,2020-04-20,0.021666666499999997,4,6
ZA,2020-04-20,0.1534366639649123,45,12
RO,2020-04-20,-0.075,1,1
CH,2020-04-20,0.04944949484,14,11
FR,2020-04-20,0.016753647444444433,7,11
TH,2020-04-20,-0.039295635125000006,6,10
KR,2020-04-20,-0.010297619300000005,3,7
AE,2020-04-20,0.16186395203125,27,5
CA,2020-04-20,0.14364888914503812,117,14
KE,2020-04-20,0.062453102399999995,17,3
DE,2020-04-20,0.12962770163043483,36,10
JP,2020-04-20,0.05342970510714286,15,13
ES,2020-04-20,0.052266666560000015,15,10
SG,2020-04-20,0.1915178571,8,2
DK,2020-04-20,-0.08091666680000001,5,10
SE,2020-04-20,0.012419191799999988,6,9
BW,2020-04-20,-0.0031249999999999993,2,2
US,2020-04-20,0.1095132753942242,1168,321
ET,2020-04-20,-0.35,1,1
AR,2020-04-20,-0.06,4,1
BY,2020-04-20,-0.056818182090909095,1,10
KH,2020-04-20,0.015000000000000013,1,1
BB,2020-04-20,0.09618055550000001,1,1
UG,2020-04-20,0.09435369316666668,4,2
BR,2020-04-20,-0.04673611125000002,9,11
PH,2020-04-20,0.2046708754,28,2
IN,2020-04-20,0.14030247888461542,299,39
MY,2020-04-20,0.08160624091666667,15,9
MX,2020-04-20,0.1702651515,7,1
NZ,2020-04-20,0.07777164486666667,14,1
IL,2020-04-20,-0.041944444600000005,6,9
BE,2020-04-20,-0.020281140260869555,11,12
IQ,2020-04-20,0.042857142571428565,1,6
IE,2020-04-20,0.01284218991304348,10,13
CN,2020-04-20,-0.1348484848888889,6,3
NL,2020-04-20,0.11279414212500001,28,12
ID,2020-04-20,0.16301890858536583,35,6
PK,2020-04-20,0.15832516347058823,13,4
PL,2020-04-20,0.012752525066666662,6,9
GB,2020-04-20,0.1006794513672316,280,74
NO,2020-04-20,0.384375,1,1
GH,2020-04-20,0.14316017309523807,19,2
AU,2020-04-20,0.151474329754386,53,4
IT,2020-04-20,-0.0005431759487179422,20,19
NG,2020-04-20,0.0978502952814815,112,23
ID,2020-04-27,0.21319931463999997,47,3
JP,2020-04-27,0.12298377283333334,11,7
CO,2020-04-27,0.0643939395,1,1
ZM,2020-04-27,0.151858428,3,1
CD,2020-04-27,0.031250000000000014,3,1
IE,2020-04-27,0.09979123025806452,23,8
KE,2020-04-27,0.1597294372,8,2
IL,2020-04-27,-0.015734265769230774,8,5
GB,2020-04-27,0.1012193658160292,455,94
FR,2020-04-27,0.09652925938095241,17,4
CH,2020-04-27,0.07113095228571428,11,3
ZA,2020-04-27,0.11412828015873017,58,5
CL,2020-04-27,-0.25,3,1
IQ,2020-04-27,-0.2611111111666667,3,3
DE,2020-04-27,0.08275438205882353,28,6
FI,2020-04-27,0.02427759725,3,1
JM,2020-04-27,0.106002435,6,2
IN,2020-04-27,0.139517672006826,252,41
GR,2020-04-27,0.08499999999999999,4,1
IT,2020-04-27,0.07380903627027027,29,8
ES,2020-04-27,0.17169934641176468,14,3
BD,2020-04-27,-0.025,1,1
NZ,2020-04-27,0.13377243404166667,18,6
NL,2020-04-27,0.08255962046428571,25,3
US,2020-04-27,0.13103337715910368,1429,312
PT,2020-04-27,0.14439393939999998,4,1
TZ,2020-04-27,0.19814814800000002,4,2
TH,2020-04-27,0.07089623915384616,21,5
SE,2020-04-27,-0.09975088177777777,5,4
NO,2020-04-27,0.22395833333333334,5,1
PL,2020-04-27,0.048786475833333336,22,2
SG,2020-04-27,0.21318041518518516,22,5
BR,2020-04-27,-0.205902777875,2,6
MY,2020-04-27,0.20971837950000002,40,6
PK,2020-04-27,0.056187375968750015,23,9
NP,2020-04-27,0.20505952400000002,3,1
AU,2020-04-27,0.16869415134000001,89,11
PH,2020-04-27,0.17384168427659577,45,2
BY,2020-04-27,-0.021666666799999994,2,3
KR,2020-04-27,0.07759529824999999,7,1
BE,2020-04-27,-0.053541666666666675,8,4
RU,2020-04-27,-0.11507936514285715,4,3
CA,2020-04-27,0.11674114867368408,229,56
AQ,2020-04-27,0.09375,3,1
NG,2020-04-27,0.17444195809433954,137,22
AE,2020-04-27,0.1652898428444444,39,6
HR,2020-05-04,0.1944444445,5,1
BE,2020-05-04,0.23423007355555547,16,2
HK,2020-05-04,0.1131662087692308,11,2
NZ,2020-05-04,0.09638169754385968,52,5
NP,2020-05-04,0.1880338541,9,1
MY,2020-05-04,0.15408906474698794,72,11
IE,2020-05-04,0.15409968797872342,78,16
CN,2020-05-04,0.13144718792592597,24,3
NG,2020-05-04,0.17099018935019442,478,36
VE,2020-05-04,-0.026136363636363635,9,2
ID,2020-05-04,0.17422822192307688,95,9
NL,2020-05-04,0.10688082466666665,45,9
BH,2020-05-04,0.22777777766666665,2,1
NO,2020-05-04,0.15255681825,3,1
CO,2020-05-04,-0.14318181816666664,3,3
ZW,2020-05-04,0.07321428571428572,6,1
SG,2020-05-04,0.17074730566233765,68,9
OM,2020-05-04,0.17106481466666668,2,1
GB,2020-05-04,0.0992058012027616,1106,270
PT,2020-05-04,0.15328282833333334,4,2
AU,2020-05-04,0.10908457757081541,195,38
ZA,2020-05-04,0.13616689320398015,173,28
CZ,2020-05-04,0.18090277775000002,3,1
VN,2020-05-04,-0.03634259255555556,6,3
FR,2020-05-04,0.1792696367962963,51,3
RO,2020-05-04,0.04285714285714286,6,1
RS,2020-05-04,0.199,9,1
AT,2020-05-04,0.0373001082,22,3
RU,2020-05-04,0.17958677681818183,8,3
TW,2020-05-04,-0.175,1,1
DE,2020-05-04,0.1659856194354839,56,6
AR,2020-05-04,0.09430014423809524,19,2
PL,2020-05-04,0.013423295416666668,45,3
DK,2020-05-04,0.21276320057142856,5,2
GY,2020-05-04,-0.2375,1,1
PE,2020-05-04,-0.025,3,1
SE,2020-05-04,0.09075174823076924,9,4
BD,2020-05-04,0.20792540792307695,11,2
CR,2020-05-04,0.06774891783333334,5,1
PG,2020-05-04,-0.0024283008571428628,4,3
PH,2020-05-04,0.15244269631355936,102,16
BB,2020-05-04,0.21319241520000004,9,1
ES,2020-05-04,0.07346399697674416,71,15
GH,2020-05-04,0.19656171087500002,34,6
PK,2020-05-04,0.02426750219354839,22,9
TH,2020-05-04,0.09810994559322032,48,11
SA,2020-05-04,0.0446753247,18,2
AW,2020-05-04,0.042382154666666665,2,1
UG,2020-05-04,0.12575953986666666,25,5
MM,2020-05-04,0.2,1,1
US,2020-05-04,0.12221574444835685,4153,959
MT,2020-05-04,0.1601851851666667,5,1
BR,2020-05-04,0.09108181824,20,5
IN,2020-05-04,0.1460128816935975,565,91
JP,2020-05-04,0.0757126410882353,25,9
BW,2020-05-04,-0.12439393940000001,3,2
MA,2020-05-04,0.22033572324999995,7,1
CH,2020-05-04,0.10705922863636363,20,2
IT,2020-05-04,0.09124636863492065,103,23
LR,2020-05-04,-0.0492424245,1,1
JM,2020-05-04,0.026159423839999998,18,7
AE,2020-05-04,0.19958461737288138,50,9
TR,2020-05-04,0.13226799241666665,11,1
CM,2020-05-04,0.14040404033333334,2,1
MW,2020-05-04,0.224537037,3,1
KE,2020-05-04,0.20171160013333336,44,1
KR,2020-05-04,0.14590818905000003,16,4
TT,2020-05-04,0.13889800777777775,6,3
KW,2020-05-04,0.028363395888888882,8,1
MX,2020-05-04,0.12414881515000002,50,10
BZ,2020-05-04,-0.0125,1,1
IL,2020-05-04,0.1077878788,8,2
KH,2020-05-04,0.016874999999999998,4,2
CA,2020-05-04,0.11000826133612564,785,170
LK,2020-05-11,-0.03513257583333334,4,2
TZ,2020-05-11,0.15221479499999999,15,2
JM,2020-05-11,0.16197095960000002,17,3
PK,2020-05-11,0.08129043405555557,29,7
AE,2020-05-11,0.16758014395454546,41,3
SA,2020-05-11,0.06561046977777778,8,1
BT,2020-05-11,0.13701298699999997,1,1
KR,2020-05-11,0.07094266072222223,14,4
TH,2020-05-11,0.11463922796153847,44,8
GH,2020-05-11,0.1345086898235294,30,4
PH,2020-05-11,0.17986969492592594,94,14
DE,2020-05-11,0.1468244786,38,7
TT,2020-05-11,0.1768939393333333,8,1
CA,2020-05-11,0.10583088361209068,640,154
JP,2020-05-11,0.14035492284615383,22,4
QA,2020-05-11,0.03728354975,9,3
US,2020-05-11,0.1368346977081936,3849,911
KW,2020-05-11,0.09236111108333332,11,1
FR,2020-05-11,0.09874055479069768,35,8
ZA,2020-05-11,0.14085721734895834,160,32
CH,2020-05-11,0.12020399308333335,10,2
RU,2020-05-11,-0.03030303033333333,1,2
LB,2020-05-11,0.21157407416666665,3,3
DO,2020-05-11,0.05238095242857143,6,1
KE,2020-05-11,0.150107989826087,41,5
GB,2020-05-11,0.11173829512382441,1059,217
BW,2020-05-11,0.0378,3,2
ZM,2020-05-11,0.03082611828571428,5,2
ES,2020-05-11,0.04849571245977012,74,13
PL,2020-05-11,0.04475575855555555,44,10
AU,2020-05-11,0.1306784853744292,181,38
CU,2020-05-11,-0.016666666666666666,2,1
MA,2020-05-11,0.2217261905,5,1
NL,2020-05-11,0.1777387852,37,3
VE,2020-05-11,0.06747252753846154,11,2
EG,2020-05-11,0.011333333400000001,4,1
CO,2020-05-11,0.18871527775000002,3,1
SG,2020-05-11,0.09589528762711866,49,10
BR,2020-05-11,0.015000000000000001,14,1
MT,2020-05-11,0.058030302833333325,5,1
NO,2020-05-11,-0.07749999999999999,2,3
HR,2020-05-11,-0.13999999999999999,4,1
IE,2020-05-11,0.11138004397590365,71,12
MY,2020-05-11,0.12320941882432435,61,13
IL,2020-05-11,0.1195833333,8,2
ID,2020-05-11,0.12096490366666668,69,21
CN,2020-05-11,0.09393018728124998,27,5
UG,2020-05-11,0.14147083076190475,18,3
NG,2020-05-11,0.14048493345144356,336,45
MX,2020-05-11,0.05734725988059702,50,17
IN,2020-05-11,0.15830107769333313,456,69
TR,2020-05-11,0.1253787878888889,6,3
SE,2020-05-11,0.19892195766666665,17,1
BD,2020-05-11,0.10174701563636365,9,2
GR,2020-05-11,0.029349045888888887,7,2
IT,2020-05-11,0.10018162736363635,94,27
CR,2020-05-11,0.09687500000000002,3,1
ZW,2020-05-11,-0.04479798000000001,2,1
MG,2020-05-11,0.325,1,1
NZ,2020-05-11,0.07813980138235296,31,3
DK,2020-05-11,0.14508277211111112,7,2
BE,2020-05-11,0.14233478632258062,27,4
DZ,2020-05-18,0.1510416665,1,1
SL,2020-05-18,0.11666666666666665,2,1
SG,2020-05-18,0.1893608920952381,39,3
SE,2020-05-18,0.13847222225,6,2
TT,2020-05-18,0.2035353533333333,5,1
FI,2020-05-18,0.12083333350000003,1,1
MX,2020-05-18,0.11470923519999998,31,4
IL,2020-05-18,0.10388257575,6,2
UG,2020-05-18,0.06941299430769231,11,2
MT,2020-05-18,-0.0625,3,1
IN,2020-05-18,0.1242869095752687,457,101
IS,2020-05-18,0.09377272720000002,4,1
IE,2020-05-18,0.17698662151063832,44,3
IT,2020-05-18,0.13333304344155847,64,13
JM,2020-05-18,0.1313580992,18,2
LB,2020-05-18,-0.09999999999999999,2,1
JP,2020-05-18,0.08751984128571429,12,2
US,2020-05-18,0.10910097628262103,2679,785
KE,2020-05-18,0.09994554921875,28,4
KR,2020-05-18,0.10828787879999999,9,1
MY,2020-05-18,0.1070653694489796,44,5
ID,2020-05-18,0.17326489933333336,47,7
TW,2020-05-18,0.07500000000000001,2,1
FR,2020-05-18,0.2626214701818182,20,2
QA,2020-05-18,0.15130208333333334,11,1
PT,2020-05-18,0.27342592588888887,8,1
GB,2020-05-18,0.09747463657494633,772,162
PL,2020-05-18,0.05436894449999999,62,8
PK,2020-05-18,0.21993197276190476,20,1
PH,2020-05-18,0.08016331683333336,72,12
GH,2020-05-18,0.2609372494444444,52,2
PG,2020-05-18,-0.1,3,1
TH,2020-05-18,0.12272551086046514,37,6
GR,2020-05-18,0.07083333333333333,5,1
PE,2020-05-18,-0.2345,1,4
NP,2020-05-18,0.142073863625,14,2
NO,2020-05-18,0.172693452375,6,2
VE,2020-05-18,0.06755952371428571,6,1
NL,2020-05-18,0.12157112254545453,30,3
NG,2020-05-18,0.13642059627649772,192,25
ZA,2020-05-18,0.13825188767326732,89,12
DK,2020-05-18,0.22723484840000002,4,1
DE,2020-05-18,0.10649224063157894,30,8
CZ,2020-05-18,0.3625,2,1
CM,2020-05-18,0.1,3,1
CH,2020-05-18,0.14091346153846154,10,3
BB,2020-05-18,-0.0625,1,1
BW,2020-05-18,0.028282828166666676,5,1
AE,2020-05-18,0.13754488757142858,32,3
TR,2020-05-18,0.10423498375,7,1
AR,2020-05-18,0.037436868666666664,17,1
BE,2020-05-18,0.10726613965217391,18,5
AU,2020-05-18,0.125883455154321,137,25
AT,2020-05-18,0.019081632714285708,5,2
CN,2020-05-18,0.17823160179999997,14,1
CA,2020-05-18,0.13874480221135022,436,75
DO,2020-05-18,0.0016414141666666697,5,1
ZM,2020-05-18,0.17687991022222221,8,1
DE,2020-05-25,0.19052810818367347,44,5
MX,2020-05-25,0.10271249785294116,58,10
US,2020-05-25,0.12679849592939318,3476,872
BS,2020-05-25,0.121111111,2,1
PT,2020-05-25,0.11363636362499999,14,2
ID,2020-05-25,0.12952958157333333,66,9
BD,2020-05-25,0.12605765445454545,9,2
VE,2020-05-25,-0.028749999999999998,5,1
CO,2020-05-25,0.005928571399999999,3,2
FI,2020-05-25,0.1598015874,3,2
SG,2020-05-25,0.16991751860563378,67,4
IE,2020-05-25,0.10511014796226417,40,13
TH,2020-05-25,0.1160208450652174,40,6
PA,2020-05-25,0.10094696966666666,2,1
CN,2020-05-25,0.0907109459375,27,5
BW,2020-05-25,-0.00416666666666667,5,1
SE,2020-05-25,0.261618266,10,2
GB,2020-05-25,0.12505284708953907,950,178
RW,2020-05-25,0.0014204544999999996,3,1
PL,2020-05-25,0.007894529663636365,97,13
PK,2020-05-25,0.2427246201470588,27,7
GH,2020-05-25,0.13842277275000003,40,4
TZ,2020-05-25,0.13261337871428572,12,2
AW,2020-05-25,0.36666666700000006,1,1
ZA,2020-05-25,0.128456077962766,167,21
TN,2020-05-25,-0.016893939400000002,3,2
KW,2020-05-25,0.061979166687500004,15,1
AL,2020-05-25,0.0657407405,1,1
FR,2020-05-25,0.146895933,15,4
PH,2020-05-25,0.11583349970238095,70,14
UG,2020-05-25,0.2037698412666667,14,1
CZ,2020-05-25,0.035305059500000006,3,1
AE,2020-05-25,0.122100924609375,52,12
MY,2020-05-25,0.15030423101190482,77,7
AU,2020-05-25,0.12283367307650275,152,31
NO,2020-05-25,0.10625000000000001,6,3
TT,2020-05-25,0.1080578510909091,10,1
IT,2020-05-25,0.131931296,64,12
KH,2020-05-25,0.05650974019999999,3,2
RU,2020-05-25,-0.016666666571428578,3,4
SK,2020-05-25,-0.039506173,2,1
CL,2020-05-25,0.11013071888235294,15,2
MQ,2020-05-25,-0.5,1,1
NP,2020-05-25,0.15821013172727272,10,1
CH,2020-05-25,0.0663194445,9,3
JM,2020-05-25,0.13220893142105267,18,1
AT,2020-05-25,0.006599326533333335,12,3
JP,2020-05-25,0.1740155723,29,1
KE,2020-05-25,0.14523393655555553,32,4
NL,2020-05-25,0.15667505965306125,45,4
DZ,2020-05-25,0.13333333333333333,2,1
CG,2020-05-25,-0.25,1,1
NG,2020-05-25,0.15523233303937,218,36
TR,2020-05-25,0.2015353534666667,12,3
KR,2020-05-25,0.12034744768750001,13,3
ME,2020-05-25,0.16666666666666666,2,1
SL,2020-05-25,-0.0666666665,1,1
SA,2020-05-25,0.3255499438888889,8,1
BR,2020-05-25,0.12207263106666666,13,2
CA,2020-05-25,0.1252999235168831,657,113
DK,2020-05-25,0.16750901866666668,5,1
IL,2020-05-25,0.1001641415,8,2
NZ,2020-05-25,0.23036498924999996,23,1
BE,2020-05-25,0.05136068317647059,14,3
IN,2020-05-25,0.1321899324813664,560,84
ES,2020-05-25,0.07154777538805972,58,9
QA,2020-05-25,0.1271467803142857,32,3
TC,2020-05-25,0.11329365100000002,1,1
TH,2020-06-01,0.124561642025641,28,11
IE,2020-06-01,0.18542045380281685,60,11
AM,2020-06-01,-0.175,1,1
NG,2020-06-01,0.13842091300438594,202,26
CN,2020-06-01,0.058941919200000005,20,5
GR,2020-06-01,0.14033324308333334,11,1
IL,2020-06-01,0.07148497963636363,8,3
KR,2020-06-01,0.05400119621052632,15,4
CD,2020-06-01,0.030277777833333335,4,2
OM,2020-06-01,0.08421717175,3,1
JP,2020-06-01,0.1219395743,23,7
AR,2020-06-01,0.0939393939375,15,1
TZ,2020-06-01,0.2524655647272727,10,1
GH,2020-06-01,0.12417267421621622,33,4
PK,2020-06-01,0.062213403833333326,16,2
KW,2020-06-01,0.10124875987500001,14,2
NL,2020-06-01,0.21907404350000004,49,5
PH,2020-06-01,0.13475489804716986,93,13
SA,2020-06-01,0.113888888875,7,1
BW,2020-06-01,-0.04472222225,2,2
NZ,2020-06-01,0.11467945426315788,17,2
NP,2020-06-01,0.13395959595,16,4
CA,2020-06-01,0.12891108186603994,716,135
HR,2020-06-01,0.27939341333333334,2,1
UA,2020-06-01,0.05,3,1
VE,2020-06-01,0.11462121199999997,2,1
IN,2020-06-01,0.13360601832327573,412,52
MX,2020-06-01,0.10200474250943395,43,10
SG,2020-06-01,0.1212081621186441,52,7
ZA,2020-06-01,0.12984409466447366,121,31
BD,2020-06-01,0.0789583333,9,1
US,2020-06-01,0.12522134651945427,2839,605
GT,2020-06-01,0.033080807999999996,2,1
BE,2020-06-01,0.11903387614285715,20,1
ID,2020-06-01,0.10462945450515466,81,16
GU,2020-06-01,0.0937348482,4,1
BN,2020-06-01,0.21960565475000002,3,1
PG,2020-06-01,0.166599026,1,1
IT,2020-06-01,0.1262290421111111,59,4
SL,2020-06-01,0.09999999999999999,2,1
MY,2020-06-01,0.0910500780612245,43,6
MM,2020-06-01,0.13333333333333333,2,1
AU,2020-06-01,0.1344963895517242,151,23
FI,2020-06-01,0.0839285715,1,1
PT,2020-06-01,0.17864583325,6,2
MA,2020-06-01,0.06794507562499999,7,1
DE,2020-06-01,0.13600650599999997,51,2
SZ,2020-06-01,-0.00833333333333334,2,1
FR,2020-06-01,0.1524911816666667,15,3
MU,2020-06-01,0.298611111,2,1
CZ,2020-06-01,0.0484375,2,2
GB,2020-06-01,0.10773888539928383,921,196
AT,2020-06-01,0.17976190475,11,1
EC,2020-06-01,-0.23541666649999998,1,1
PL,2020-06-01,0.06490761264634146,74,8
ES,2020-06-01,0.09478317943478261,64,5
BR,2020-06-01,0.1047916666875,15,1
AE,2020-06-01,0.1492579603018868,40,13
UG,2020-06-01,0.13475108225,18,2
BE,2020-06-08,0.037052128449999985,16,4
AR,2020-06-08,0.04888888886666667,14,1
NZ,2020-06-08,0.15052092834375,28,4
MX,2020-06-08,0.08368857997435898,32,7
NG,2020-06-08,0.16190998958536584,146,18
GH,2020-06-08,0.08229615725,13,3
PE,2020-06-08,0.25,2,1
US,2020-06-08,0.1187576758351518,1982,493
IN,2020-06-08,0.15973267218829512,338,55
TR,2020-06-08,0.07574404771428574,12,2
DO,2020-06-08,0.215151515,2,1
CA,2020-06-08,0.11788644761979909,569,128
CR,2020-06-08,0.10413359783333336,5,1
FR,2020-06-08,0.2015080492,17,3
NL,2020-06-08,0.2172745311200001,45,5
ZM,2020-06-08,0.2,3,1
KR,2020-06-08,0.05825757575,7,1
ZA,2020-06-08,0.13457816393636363,95,15
HK,2020-06-08,-0.019821259500000004,5,1
PT,2020-06-08,0.24256628775,3,1
AU,2020-06-08,0.11389712366666664,111,27
SG,2020-06-08,0.07175476189999999,43,7
MY,2020-06-08,0.10046197262745099,46,5
CN,2020-06-08,0.05944083692857143,11,3
IL,2020-06-08,0.1722222222,3,2
BS,2020-06-08,-0.0504960315,1,1
IE,2020-06-08,0.14536915762711863,50,9
ID,2020-06-08,0.17049039768235288,78,7
MA,2020-06-08,0.4369047618888889,8,1
SA,2020-06-08,0.029816919099999995,7,3
FI,2020-06-08,0.1733333334,4,1
JM,2020-06-08,0.1574729436875,14,2
CH,2020-06-08,0.1428585858666667,11,4
DE,2020-06-08,0.09248473044680851,38,9
BR,2020-06-08,-0.005257936499999998,11,1
TH,2020-06-08,0.12327237893103447,24,5
ES,2020-06-08,0.05392201494047618,77,7
SE,2020-06-08,0.18628487245454545,10,1
IT,2020-06-08,0.10628979481132075,49,4
PH,2020-06-08,0.0749805319310345,73,14
LR,2020-06-08,-0.041756102749999996,4,4
UG,2020-06-08,0.0719396344,12,3
TZ,2020-06-08,0.1341287878,7,3
AT,2020-06-08,0.05592592594444444,17,1
JP,2020-06-08,0.1666880539285714,24,4
GB,2020-06-08,0.1044352325624211,642,151
NP,2020-06-08,0.1335704875652174,21,2
PK,2020-06-08,0.062123987153846136,17,9
AE,2020-06-08,0.1589282619807692,44,8
PL,2020-06-08,0.083617424175,36,4
KE,2020-06-08,0.21614177485714284,20,1
BT,2020-06-15,0.0699015152,4,1
IE,2020-06-15,0.19693527078787884,57,9
GB,2020-06-15,0.13750125639593505,1040,190
DE,2020-06-15,0.05246150004081632,40,9
AE,2020-06-15,0.13741659448000001,47,3
CO,2020-06-15,0.017777777875,7,1
SL,2020-06-15,0.020904356250000002,3,1
TH,2020-06-15,0.13868506494285712,31,4
NO,2020-06-15,0.056547619,6,1
PT,2020-06-15,0.036805555499999996,5,1
HT,2020-06-15,0.15,2,1
IS,2020-06-15,-0.2166666665,1,1
SA,2020-06-15,0.1959895833,8,2
MA,2020-06-15,0.17146464633333333,8,1
JM,2020-06-15,0.16372208931578947,17,2
BD,2020-06-15,-0.010933195636363642,9,2
TC,2020-06-15,0.26448863633333336,2,1
IL,2020-06-15,0.20790043290909094,9,2
PL,2020-06-15,-7.950735820895422e-05,59,8
SG,2020-06-15,0.17839493272340431,44,3
ID,2020-06-15,0.14207919632584268,78,11
NP,2020-06-15,0.08353010620454544,40,4
MY,2020-06-15,0.19714983654054055,67,7
CN,2020-06-15,0.11565431093749999,15,1
BS,2020-06-15,0.09428571428571429,6,1
PK,2020-06-15,0.10982506516129031,29,2
ES,2020-06-15,0.08386590818681319,86,5
TR,2020-06-15,-0.05333178714285714,4,3
PA,2020-06-15,0.012500000000000011,1,1
QA,2020-06-15,0.0890252526,24,1
IT,2020-06-15,0.1309893578484848,57,9
AU,2020-06-15,0.14164934735668794,139,18
AR,2020-06-15,0.013015791000000004,18,4
KR,2020-06-15,0.095324074,4,2
ZA,2020-06-15,0.13184037446052627,125,27
DZ,2020-06-15,0.13,4,1
GR,2020-06-15,0.04280303037500001,6,2
IN,2020-06-15,0.13387598165539108,413,60
PH,2020-06-15,0.1337219638921569,87,15
UG,2020-06-15,0.04776367187500002,12,4
NL,2020-06-15,0.2315133165833333,47,1
AT,2020-06-15,0.04431818181818182,20,2
DO,2020-06-15,0.24166666674999998,3,1
CA,2020-06-15,0.11821883579257633,784,132
RU,2020-06-15,0.12813492059999998,8,2
KE,2020-06-15,0.2237649711,26,4
UA,2020-06-15,0.043484848599999994,4,1
FR,2020-06-15,0.11793831172000002,23,2
ZM,2020-06-15,-0.15,1,1
CR,2020-06-15,0.11375000000000002,3,2
EG,2020-06-15,0.07053571425,5,3
CL,2020-06-15,0.05193972692307692,10,3
JP,2020-06-15,0.10238341210526315,30,8
NZ,2020-06-15,0.21529001749999996,25,3
MX,2020-06-15,0.13597182141666667,29,7
GH,2020-06-15,0.0947726184137931,23,6
TW,2020-06-15,0.23166666679999998,4,1
US,2020-06-15,0.1426410312734832,2740,507
PE,2020-06-15,0.04722222216666668,5,1
BW,2020-06-15,0.08291666674999999,3,1
VE,2020-06-15,-0.04041666679999999,3,2
NG,2020-06-15,0.16578730745098041,184,20
BE,2020-06-15,0.1866323953809524,20,1
MC,2020-06-15,0.005681817999999991,1,1
IL,2020-06-22,-0.04444444433333333,2,1
NP,2020-06-22,0.1085858587,9,1
TR,2020-06-22,0.25733149958333335,11,1
IS,2020-06-22,0.20303932180000003,4,1
CA,2020-06-22,0.11922406485645935,697,139
BE,2020-06-22,0.22067095582352939,15,2
US,2020-06-22,0.14420249671893215,3045,552
SL,2020-06-22,-0.06944444450000001,1,1
NO,2020-06-22,0.1173863634,4,1
ES,2020-06-22,0.03335425215584416,65,12
IN,2020-06-22,0.1405720381138792,500,62
IT,2020-06-22,0.14916343492424244,55,11
EG,2020-06-22,-0.04444444439999999,4,1
MY,2020-06-22,0.15282579419230768,68,10
QA,2020-06-22,0.043701626636363636,9,2
BR,2020-06-22,0.07137961242857142,18,3
NZ,2020-06-22,0.190435606,17,1
TH,2020-06-22,0.12160251045454547,32,12
SA,2020-06-22,0.032923731250000005,12,8
ZW,2020-06-22,0.022222222333333333,2,1
ZA,2020-06-22,0.19290290229520293,239,32
HK,2020-06-22,0.13744715010000003,7,3
NL,2020-06-22,0.23794462885714293,45,4
PK,2020-06-22,0.064510169,13,6
AU,2020-06-22,0.16828888792682936,144,20
VN,2020-06-22,-0.0125,1,1
UG,2020-06-22,0.05393518521428572,8,6
AR,2020-06-22,0.1785860708235294,14,3
PH,2020-06-22,0.15517250498369564,164,20
LV,2020-06-22,0.0875,1,1
BH,2020-06-22,0.010622710571428575,5,2
GR,2020-06-22,0.24333333329999998,9,1
LK,2020-06-22,0.07946428575,2,2
DO,2020-06-22,-0.25,1,1
FR,2020-06-22,0.09512771207142857,24,4
PG,2020-06-22,-0.20833333350000002,1,1
ZM,2020-06-22,0.01666666650000001,1,1
KE,2020-06-22,0.13217990105714283,30,5
AT,2020-06-22,0.09840247708333331,10,2
MX,2020-06-22,0.1291919928163265,41,8
ID,2020-06-22,0.2092364847747746,107,4
CH,2020-06-22,0.055278055307692316,11,2
SG,2020-06-22,0.1597704664864865,71,3
BS,2020-06-22,0.20393071337499996,7,1
NG,2020-06-22,0.1456680024799999,153,22
GI,2020-06-22,0.1360351565,1,1
CN,2020-06-22,0.030680014428571437,17,4
AE,2020-06-22,0.21128073841463416,36,5
IE,2020-06-22,0.12695089496190476,93,12
PT,2020-06-22,0.19936611014285716,5,2
MA,2020-06-22,0.14393614719999998,9,1
GF,2020-06-22,0.009119769199999999,4,1
HR,2020-06-22,0.124855324,3,1
GB,2020-06-22,0.146793600311922,1735,320
LA,2020-06-22,0.10250000000000001,1,1
CD,2020-06-22,-0.10833333333333334,2,1
BD,2020-06-22,0.1250270562142857,11,3
CO,2020-06-22,0.1900359110909091,8,3
DE,2020-06-22,0.09924004343181819,40,4
PL,2020-06-22,0.0653558505522388,59,8
JP,2020-06-22,0.13269412875000003,14,2
JP,2020-06-29,0.2104398147777778,16,2
NG,2020-06-29,0.18251718471779144,145,18
NO,2020-06-29,0.08954545450000001,3,1
DO,2020-06-29,-0.01125,4,1
SE,2020-06-29,0.17948051939999998,4,1
BR,2020-06-29,0.06382211538461538,11,2
IT,2020-06-29,0.09471127083333335,35,7
JM,2020-06-29,0.06941919199999999,5,3
TW,2020-06-29,0.34479166675,3,1
TH,2020-06-29,0.11906388503571429,26,2
NL,2020-06-29,0.0871412037083333,21,3
KE,2020-06-29,0.09148167379999998,20,5
UG,2020-06-29,0.05425505049999999,11,1
BS,2020-06-29,0.0875,3,1
GH,2020-06-29,0.088327518125,19,5
AU,2020-06-29,0.17372086474418605,112,17
MX,2020-06-29,0.08937546192682928,34,7
FI,2020-06-29,0.08680555566666666,5,1
ZA,2020-06-29,0.16879154034640526,133,20
HU,2020-06-29,0.062095238,2,1
BD,2020-06-29,0.020637175363636354,8,3
GB,2020-06-29,0.14814457146724594,1234,262
PL,2020-06-29,0.03385278215789474,29,9
GR,2020-06-29,0.2151909721666667,8,4
PK,2020-06-29,0.18979350430434788,20,3
PH,2020-06-29,0.1466136094893616,123,18
AE,2020-06-29,0.19096558395348834,40,3
AR,2020-06-29,0.057511273499999994,5,3
GT,2020-06-29,-0.056860119,2,2
TZ,2020-06-29,0.02291666666666667,3,3
FR,2020-06-29,0.15479064845161286,28,3
DE,2020-06-29,0.03434769116,40,10
CO,2020-06-29,0.12922206764285712,12,2
QA,2020-06-29,-0.006200396833333334,10,2
MC,2020-06-29,0.009772727199999998,2,3
ES,2020-06-29,0.11082237555000003,33,7
SG,2020-06-29,0.13985475227906974,35,8
US,2020-06-29,0.13067996830220108,2604,576
NZ,2020-06-29,0.0445454545,5,1
MY,2020-06-29,0.14858439431707315,36,5
IN,2020-06-29,0.16200297388392856,403,45
SA,2020-06-29,0.11413223136363637,10,1
DK,2020-06-29,0.17499999999999996,2,1
CA,2020-06-29,0.12067560064409451,546,89
NP,2020-06-29,0.164017857125,7,1
KR,2020-06-29,-0.002099566999999993,4,1
IE,2020-06-29,0.16103965102409637,67,16
ID,2020-06-29,0.21478362607936513,54,9
PT,2020-06-29,0.19366666660000004,4,1
CN,2020-06-29,-0.01004990846153846,10,3
MA,2020-07-06,-0.08333333333333333,2,1
UG,2020-07-06,0.1292443667692308,12,1
BR,2020-07-06,0.0937676768,8,2
CA,2020-07-06,0.14030445535317465,428,76
KR,2020-07-06,0.08039321785714285,5,2
KE,2020-07-06,0.1620666854074074,25,2
US,2020-07-06,0.16015376707722404,2416,394
KW,2020-07-06,0.14045928025,7,1
SG,2020-07-06,0.09445940885185185,22,5
MV,2020-07-06,0.07222222216666666,5,1
MY,2020-07-06,0.09034387019999998,37,8
MX,2020-07-06,0.07415921974285712,26,9
NG,2020-07-06,0.16582348154347826,122,16
AE,2020-07-06,0.1542245989117647,28,6
GR,2020-07-06,0.25990635525,8,4
TT,2020-07-06,0.08194444449999998,3,1
RU,2020-07-06,0.1340909092,4,1
HK,2020-07-06,0.07656565657142858,5,2
DE,2020-07-06,0.08978903621875,29,3
AT,2020-07-06,0.05449284516666666,4,2
VE,2020-07-06,0.095486111,2,2
ES,2020-07-06,0.14812769760714284,23,5
IN,2020-07-06,0.17242274221372036,342,37
BE,2020-07-06,0.02594276088888889,7,2
PK,2020-07-06,-0.19067307692307695,5,8
SA,2020-07-06,0.09368686866666666,8,1
AU,2020-07-06,0.12576945986249996,135,25
CO,2020-07-06,0.0390625,6,2
FR,2020-07-06,0.21035951018750002,15,1
IT,2020-07-06,0.10087121205882353,29,5
CH,2020-07-06,0.12052038246666666,14,1
TW,2020-07-06,-0.38333333350000004,1,1
ID,2020-07-06,0.15515331887755102,47,2
NL,2020-07-06,0.24983762627999997,23,2
PH,2020-07-06,0.18062600306122442,87,11
JP,2020-07-06,0.11829052238888892,14,4
PL,2020-07-06,0.11007696002380951,39,3
TH,2020-07-06,0.19304885585714288,13,1
CN,2020-07-06,0.09062672172727272,10,1
BD,2020-07-06,-0.0467045455,6,4
GB,2020-07-06,0.14583709815225424,1149,204
AR,2020-07-06,0.11677489185714286,6,1
ET,2020-07-06,-0.0036616163333333305,1,2
PG,2020-07-06,-0.0125,1,1
OM,2020-07-06,0.056249999999999994,1,1
ZA,2020-07-06,0.13874690977702697,125,23
JM,2020-07-06,0.012049319700000005,7,3
CR,2020-07-06,0.06452380960000001,4,1
IE,2020-07-06,0.14992716603076922,53,12
GH,2020-07-06,0.26317340072222223,16,2
VN,2020-07-13,-0.0583333334,4,1
BD,2020-07-13,0.09962224276190478,18,3
FI,2020-07-13,0.113125,2,2
ID,2020-07-13,0.15038976581034486,54,4
KZ,2020-07-13,-0.008333333499999984,1,1
CO,2020-07-13,0.03314694564285714,11,3
MX,2020-07-13,0.07075850663157893,42,15
ZA,2020-07-13,0.15655076168197876,241,42
DE,2020-07-13,0.129904995175,39,1
HR,2020-07-13,0.2092348484,4,1
LK,2020-07-13,0.24166666674999998,3,1
GT,2020-07-13,0.125,1,1
PL,2020-07-13,0.03685997903448275,56,2
AR,2020-07-13,0.0882196969,9,1
PG,2020-07-13,0.07916666650000001,1,1
AE,2020-07-13,0.14949593457142857,33,9
PH,2020-07-13,0.1269469411542554,164,24
NG,2020-07-13,0.18632714162244904,169,27
FR,2020-07-13,0.20462369228571434,26,2
BS,2020-07-13,-0.2208468615,2,2
AU,2020-07-13,0.11618567250270263,306,64
DO,2020-07-13,0.3416666666,4,1
GB,2020-07-13,0.17098768950299392,1594,243
HK,2020-07-13,0.10749999999999997,3,2
TZ,2020-07-13,0.015000000000000003,3,2
GR,2020-07-13,0.18596819846153848,12,1
LS,2020-07-13,-0.022916666500000002,1,1
IT,2020-07-13,0.16324860853333334,54,6
CH,2020-07-13,0.2598092186153846,12,1
TR,2020-07-13,0.11344696974999997,3,1
GH,2020-07-13,0.1419767875862069,27,2
AT,2020-07-13,0.13118686866666668,8,1
PK,2020-07-13,0.1957882395238095,18,3
TH,2020-07-13,0.11325949222727273,18,4
SA,2020-07-13,0.04376162790909091,6,5
SE,2020-07-13,0.16677097800000001,4,1
US,2020-07-13,0.13944212489561228,3550,780
MK,2020-07-13,-0.027777778,1,1
RS,2020-07-13,-0.2098214285,1,3
JP,2020-07-13,0.15552628554545456,18,4
NL,2020-07-13,0.15592194045714283,30,5
UG,2020-07-13,0.1490850379411765,14,3
BR,2020-07-13,0.17065708104761904,18,3
KE,2020-07-13,0.10830368716666668,23,7
PT,2020-07-13,0.16412913866666667,8,1
QA,2020-07-13,0.024305555583333333,11,1
IL,2020-07-13,0.12968333331999998,24,1
NP,2020-07-13,0.14222756415384613,10,3
IE,2020-07-13,0.1674110165955056,78,11
KW,2020-07-13,0.07523063966666667,14,1
CN,2020-07-13,0.0814455430909091,10,1
CU,2020-07-13,0.10681818166666666,2,1
NZ,2020-07-13,0.13177071027272727,9,2
SG,2020-07-13,0.13361085898387093,47,15
CA,2020-07-13,0.12010252818908629,662,126
IN,2020-07-13,0.158760278841424,533,85
MY,2020-07-13,0.09698254832,47,3
ES,2020-07-13,0.19763237445238094,39,3
ZM,2020-07-20,0.10656960225,3,1
GB,2020-07-20,0.16091469627293217,1149,181
NG,2020-07-20,0.1855742186666667,101,10
ES,2020-07-20,0.09004184576666668,24,6
UG,2020-07-20,0.15426275736363637,10,1
BR,2020-07-20,0.0834893047647059,15,2
ZW,2020-07-20,0.11909722216666667,5,1
PL,2020-07-20,0.060132182853658525,37,4
FR,2020-07-20,0.15056255408,21,4
AU,2020-07-20,0.16529225509137058,170,27
BS,2020-07-20,0.37156285077777773,8,1
RU,2020-07-20,-0.10833333349999999,1,1
DE,2020-07-20,0.07735228315384617,36,3
GF,2020-07-20,0.07316017285714287,4,3
KR,2020-07-20,0.072979798,1,1
MY,2020-07-20,0.1363985115714286,22,6
SG,2020-07-20,0.12659851354545457,31,13
NZ,2020-07-20,0.2188023387,9,1
IL,2020-07-20,0.091,19,1
IE,2020-07-20,0.2220332240506329,76,3
KW,2020-07-20,-0.019504132272727272,10,1
CN,2020-07-20,0.12242424240000001,4,1
BD,2020-07-20,-0.027075702076923076,10,3
ID,2020-07-20,0.21218780381818178,30,3
ZA,2020-07-20,0.20452805153999998,130,20
IN,2020-07-20,0.15622705229195405,381,54
HU,2020-07-20,-0.22499999999999998,1,1
BE,2020-07-20,-0.017460317333333336,5,1
TH,2020-07-20,0.15639618679310344,24,5
JP,2020-07-20,0.11512223884615383,12,1
CG,2020-07-20,0.1302083335,1,1
KE,2020-07-20,0.14790027373529413,30,4
NL,2020-07-20,0.10113656530434785,20,3
JM,2020-07-20,0.13000558792857142,12,2
US,2020-07-20,0.1426229629328123,2702,498
IT,2020-07-20,0.15610718795,34,6
CH,2020-07-20,0.04196428571428571,6,1
KH,2020-07-20,0.07588888883333333,5,1
IS,2020-07-20,-0.011111111000000002,1,1
SA,2020-07-20,-0.04821428575,1,3
NP,2020-07-20,0.1272959182857143,6,1
CA,2020-07-20,0.11850979807068963,486,94
HR,2020-07-20,0.0761363636,3,2
MX,2020-07-20,0.21856105702380957,35,7
PH,2020-07-20,0.19167688266071428,101,11
AE,2020-07-20,0.12914842451851852,22,5
GR,2020-07-20,0.17850895318181817,10,1
LK,2020-07-20,0.15833333333333333,5,1
HK,2020-07-20,0.060147857444444446,15,3
PK,2020-07-20,0.20755291011111113,8,1
GH,2020-07-20,0.10169743066666666,15,3
CO,2020-07-20,-0.01,4,1
PK,2020-07-27,0.08143463405555557,15,3
NG,2020-07-27,0.19188665280136982,132,14
SA,2020-07-27,0.048749999999999995,7,3
NL,2020-07-27,0.13253314389999998,17,3
PH,2020-07-27,0.1726629097058823,136,17
UG,2020-07-27,0.1910098755,14,2
TR,2020-07-27,-0.05416666675,3,1
MX,2020-07-27,0.14776861173469386,36,13
PA,2020-07-27,0.08636363633333334,5,1
BD,2020-07-27,-0.0007846320714285688,13,1
TH,2020-07-27,0.16855701514705884,29,5
BM,2020-07-27,-0.03333333333333333,5,1
PT,2020-07-27,0.11832556323076923,11,2
PF,2020-07-27,0.0202083335,1,1
AU,2020-07-27,0.16006046438666655,183,42
RU,2020-07-27,0.048611111000000005,1,2
BB,2020-07-27,0.00031565633333333065,2,1
NZ,2020-07-27,0.15215548328571432,6,1
MY,2020-07-27,0.15541090588888887,32,4
MQ,2020-07-27,-0.14910714285714283,3,4
PL,2020-07-27,0.07186327548148148,48,6
BE,2020-07-27,0.1463194444,12,3
AT,2020-07-27,0.027662036999999997,4,2
BQ,2020-07-27,-0.043181818,1,1
CA,2020-07-27,0.11418504476993478,647,118
LS,2020-07-27,-0.0066666665,1,1
SG,2020-07-27,0.13103615520512818,29,10
CR,2020-07-27,-0.020833333333333332,2,1
KH,2020-07-27,-0.0301818182,3,2
ZM,2020-07-27,0.04999999999999999,1,2
CN,2020-07-27,0.04575608695238095,14,7
US,2020-07-27,0.14540673403847068,3432,571
DO,2020-07-27,0.19376841322222224,7,2
LY,2020-07-27,0.10902777799999999,1,1
ES,2020-07-27,0.10001610937931035,27,2
GR,2020-07-27,0.206995738625,15,1
AE,2020-07-27,0.19781223889473684,36,2
HK,2020-07-27,0.11462766049999999,18,2
ID,2020-07-27,0.1487607048695652,40,6
ZA,2020-07-27,0.1679307171979695,172,25
HR,2020-07-27,0.07828914133333333,4,2
IE,2020-07-27,0.14176321060919542,67,20
IL,2020-07-27,0.105371212125,39,1
KR,2020-07-27,0.11145292200000001,9,2
BR,2020-07-27,0.12475304026315788,16,3
BS,2020-07-27,0.012224927818181812,8,3
IN,2020-07-27,0.16586805457386358,480,48
IT,2020-07-27,0.18900365794915253,50,9
CH,2020-07-27,0.03264880960000001,7,3
MA,2020-07-27,-0.04999999999999999,1,1
GB,2020-07-27,0.16052055934220777,1300,240
JP,2020-07-27,0.13845135462068967,24,5
GH,2020-07-27,0.12188077417073172,35,6
JM,2020-07-27,0.1635741342142857,12,2
FI,2020-07-27,0.1451704545,3,1
FR,2020-07-27,0.13012483763333327,24,6
KE,2020-07-27,0.02574404019672132,48,13
DE,2020-07-27,0.19331355424137925,27,2
ID,2020-08-03,0.16645504246808507,41,6
JP,2020-08-03,0.09743478429999995,23,7
TR,2020-08-03,0.017969697,3,2
RO,2020-08-03,0.029818181799999992,4,1
ZA,2020-08-03,0.16900707858235295,148,22
JM,2020-08-03,0.1394448953125,14,2
EG,2020-08-03,0.039583333250000005,3,1
ZW,2020-08-03,-0.08657407416666667,3,3
VN,2020-08-03,0.048177083375000006,5,3
IE,2020-08-03,0.19292810915116287,74,12
KR,2020-08-03,0.14934732872727274,9,2
IQ,2020-08-03,-0.052777778,1,1
KE,2020-08-03,0.16979696744897962,42,7
US,2020-08-03,0.15268833109240168,3489,591
BE,2020-08-03,0.1114882133,16,4
IN,2020-08-03,0.19139404102231244,437,56
SG,2020-08-03,0.2155150071388889,35,1
NG,2020-08-03,0.17550925280833332,110,10
IT,2020-08-03,0.07799433129166666,41,7
IS,2020-08-03,0.0954365075,1,1
DK,2020-08-03,0.13505050500000002,8,1
KH,2020-08-03,0.0,1,1
SA,2020-08-03,0.08111499607692307,7,6
NO,2020-08-03,0.16052083325,3,1
TT,2020-08-03,0.17378472224999997,10,2
CA,2020-08-03,0.10827173920693925,674,133
CH,2020-08-03,0.07152777777777777,8,1
MY,2020-08-03,0.1827466343191489,38,9
ES,2020-08-03,0.11598358046153845,33,6
MX,2020-08-03,0.11395722099999998,49,11
BR,2020-08-03,0.14459430071428572,13,1
GF,2020-08-03,-0.10833333325,2,2
PT,2020-08-03,0.17899440837500002,7,1
GT,2020-08-03,0.11666666666666665,2,1
CN,2020-08-03,0.11569258758823532,15,2
BB,2020-08-03,0.09295634914285714,6,1
SE,2020-08-03,0.023125,7,1
GR,2020-08-03,0.14189554272222224,16,2
DE,2020-08-03,0.08780026534210528,34,4
BS,2020-08-03,0.05038562708333333,10,2
PK,2020-08-03,0.12952662033333331,12,3
PH,2020-08-03,0.13692289079999995,107,18
GH,2020-08-03,0.07384173361904763,16,5
GB,2020-08-03,0.14746396120471392,1268,217
NL,2020-08-03,0.13367921831034485,24,5
HR,2020-08-03,0.12984848479999997,4,1
CO,2020-08-03,0.14375,9,1
PE,2020-08-03,-0.03333333333333333,2,1
HK,2020-08-03,0.0792541486,17,3
FR,2020-08-03,0.16239181944444447,26,1
AR,2020-08-03,-0.089004329,4,1
UG,2020-08-03,0.10876106209090909,8,3
AE,2020-08-03,0.128446571,34,7
TH,2020-08-03,0.191565009051282,36,3
PL,2020-08-03,0.08274219456060602,62,4
AU,2020-08-03,0.16732142719354834,237,42
LB,2020-08-03,-0.009375,11,1
JM,2020-08-10,-0.005618686999999997,1,1
PK,2020-08-10,0.009598214250000014,3,1
FR,2020-08-10,0.10305555561538463,12,1
AU,2020-08-10,0.14721400526744186,70,16
PL,2020-08-10,0.017676767555555545,8,1
IT,2020-08-10,0.15882388703703704,24,3
GB,2020-08-10,0.16031266369512193,345,65
GH,2020-08-10,-0.005688131333333332,8,4
ID,2020-08-10,0.19708038163636363,10,1
HU,2020-08-10,-0.041666667,1,1
PE,2020-08-10,-0.14880952400000003,1,1
IE,2020-08-10,0.15942533596875,28,4
ZA,2020-08-10,0.16964764636206903,50,8
NZ,2020-08-10,0.074280303,5,1
PH,2020-08-10,0.16919773713725494,43,8
DE,2020-08-10,0.07010582007142856,12,2
ES,2020-08-10,0.039941077500000005,4,2
IN,2020-08-10,0.16181022145454543,103,18
KE,2020-08-10,0.0721527778,4,1
NG,2020-08-10,0.15467373060465117,38,5
US,2020-08-10,0.13403473562466486,1274,218
SG,2020-08-10,0.08427951387500002,9,7
CA,2020-08-10,0.12498229091304357,231,45
LB,2020-08-10,-0.20125,5,3
MX,2020-08-10,0.13725895313636363,18,4
MY,2020-08-10,0.11987309314285713,11,3
KR,2020-08-10,0.12351641416666669,5,1
AT,2020-08-10,0.09423611116666665,5,1
JP,2020-08-10,0.04414772733333333,7,5
BR,2020-08-10,0.11770833333333335,4,2
ID,2020-08-17,0.23116131140579713,59,10
HR,2020-08-17,-0.0752621882857143,4,3
TH,2020-08-17,0.30789679621428584,24,4
AR,2020-08-17,0.11037984008333333,10,2
PE,2020-08-17,-0.016369047666666674,4,2
BT,2020-08-17,0.3451719576428572,13,1
RU,2020-08-17,0.045422457578947376,17,2
LK,2020-08-17,-0.05833333333333333,5,1
HK,2020-08-17,0.11838023090476193,18,3
AE,2020-08-17,0.1698248106,39,1
HT,2020-08-17,0.04981060599999999,1,1
KY,2020-08-17,-0.025000000000000022,1,1
MX,2020-08-17,0.14955042165079363,52,11
FR,2020-08-17,0.15520866318518517,48,6
PL,2020-08-17,0.08008309905263154,53,4
RO,2020-08-17,-0.16666666666666666,2,1
CN,2020-08-17,0.14526515158333334,11,1
DE,2020-08-17,0.09957941314000002,44,6
GH,2020-08-17,0.072038961,31,4
MV,2020-08-17,0.23888888883333334,5,1
PH,2020-08-17,0.15605470026315796,266,38
MT,2020-08-17,-0.015277777666666667,2,1
PK,2020-08-17,0.21165764790909092,21,1
BS,2020-08-17,0.0458055556,7,3
MA,2020-08-17,0.13,4,1
SE,2020-08-17,0.231056547625,7,1
UG,2020-08-17,0.30580601942857133,6,1
GR,2020-08-17,0.2033669588947368,16,3
TT,2020-08-17,0.1099300144,14,1
BR,2020-08-17,0.0073082009999999925,11,6
KW,2020-08-17,0.10086480184615385,11,2
GB,2020-08-17,0.16894159996235583,1440,207
DO,2020-08-17,-0.01979166666666667,4,2
AU,2020-08-17,0.13902822795563136,248,45
IE,2020-08-17,0.1313479678817204,74,19
US,2020-08-17,0.14723283494494555,4347,757
KE,2020-08-17,0.15968078212820513,33,6
DK,2020-08-17,0.1481944445,3,1
NG,2020-08-17,0.1799069880986842,134,18
BE,2020-08-17,0.1755495806875,14,2
IN,2020-08-17,0.2016981687472925,498,56
CA,2020-08-17,0.11088442431808287,763,155
CL,2020-08-17,0.03703703700000001,7,2
KH,2020-08-17,0.115625,3,1
ES,2020-08-17,0.14259527388679244,47,6
SG,2020-08-17,0.10177436754929577,62,9
IS,2020-08-17,0.18501984125,3,1
NL,2020-08-17,0.19009687208823525,32,2
AT,2020-08-17,0.11962250715384615,11,2
JM,2020-08-17,0.1306131094736842,18,1
SA,2020-08-17,-0.008124999999999999,7,3
IT,2020-08-17,0.16281848174418606,39,4
JP,2020-08-17,0.050114186810810805,24,13
UA,2020-08-17,0.26666666666666666,2,1
CH,2020-08-17,0.08641959363636365,9,2
NZ,2020-08-17,0.1342072999719626,92,15
NP,2020-08-17,0.0591666667,8,2
KR,2020-08-17,0.14475550963636363,17,5
VN,2020-08-17,0.05717893214285714,4,3
ZA,2020-08-17,0.1288666192259259,226,44
IL,2020-08-17,0.0,1,1
MY,2020-08-17,0.08625229180392158,44,7
BD,2020-08-17,0.08905134686666667,13,2
SE,2020-08-24,0.03801181462500001,6,2
NZ,2020-08-24,0.1247026078571428,41,8
GH,2020-08-24,0.08400391273076922,22,4
AU,2020-08-24,0.13987036742704623,245,36
JP,2020-08-24,0.09968010776923074,30,9
UG,2020-08-24,0.15666235772222226,15,3
ID,2020-08-24,0.1335372184237288,53,6
KR,2020-08-24,0.15602095871874996,28,4
TR,2020-08-24,0.02858495650000001,3,1
CH,2020-08-24,0.14883085661538462,10,3
EG,2020-08-24,0.225,1,1
MX,2020-08-24,0.11608968391525423,50,9
PH,2020-08-24,0.14585020336016954,209,27
NG,2020-08-24,0.16870467825153362,143,20
GR,2020-08-24,0.21136784516666665,23,1
CZ,2020-08-24,-0.03645833325,3,1
SA,2020-08-24,0.18951446281818185,10,1
ZW,2020-08-24,0.0892857142,4,1
PL,2020-08-24,0.0809632785,45,3
FR,2020-08-24,0.13601937739285716,25,3
NL,2020-08-24,0.17279880786363633,20,2
IE,2020-08-24,0.11513214142307696,93,11
TH,2020-08-24,0.16844162776923075,23,3
OM,2020-08-24,0.1125,5,1
GB,2020-08-24,0.1635671131848687,1330,190
PK,2020-08-24,0.11649720413333334,13,2
BD,2020-08-24,0.013920454499999999,6,2
TW,2020-08-24,0.226125,4,1
BR,2020-08-24,0.11944444440000002,13,2
IL,2020-08-24,0.18984848459999998,3,2
IN,2020-08-24,0.19859564356751824,484,64
US,2020-08-24,0.14829339852143394,4261,871
HK,2020-08-24,0.13987740435714285,11,3
LK,2020-08-24,0.2761904762222222,8,1
LA,2020-08-24,-0.09999999999999998,1,1
CO,2020-08-24,0.20083333325,3,1
CA,2020-08-24,0.11191655661554398,811,154
BT,2020-08-24,0.39981481483333337,11,1
DE,2020-08-24,0.06804974081578949,31,7
AE,2020-08-24,0.15337923882500004,35,5
VN,2020-08-24,0.208723958375,7,1
HU,2020-08-24,-0.0131944445,1,1
ES,2020-08-24,0.11009297518181818,17,5
CL,2020-08-24,0.14630681816666669,5,1
ZA,2020-08-24,0.13115707229460571,199,42
DZ,2020-08-24,0.138888889,2,1
NP,2020-08-24,0.07946326696296298,20,7
MY,2020-08-24,0.10955248003508772,45,12
UA,2020-08-24,-0.041666666666666664,2,1
KE,2020-08-24,0.2012387944324324,34,3
GT,2020-08-24,0.15,2,1
TT,2020-08-24,0.11788072049999998,12,2
CN,2020-08-24,0.12588077195000003,16,4
CR,2020-08-24,-0.020833333333333332,2,1
VE,2020-08-24,0.03214285714285715,5,2
JM,2020-08-24,0.08917748914285716,26,2
GU,2020-08-24,0.12083333349999999,1,1
DK,2020-08-24,0.22345238087499997,7,1
SG,2020-08-24,0.16662208260869563,43,3
DE,2020-08-31,0.1360316687857143,48,8
VN,2020-08-31,0.046222222199999996,4,1
ZW,2020-08-31,0.213392857,3,1
ES,2020-08-31,0.13555665832258063,27,4
AT,2020-08-31,0.09589947094444444,15,3
DK,2020-08-31,0.235188802125,7,1
PT,2020-08-31,0.026561447833333324,4,2
SZ,2020-08-31,-0.0625,1,1
NZ,2020-08-31,0.15801922283928577,49,7
PL,2020-08-31,0.07538902524324323,35,2
BZ,2020-08-31,0.07118055549999999,1,1
KR,2020-08-31,0.13151235812499998,20,4
MY,2020-08-31,0.2258158589512195,37,4
CA,2020-08-31,0.11034693527586202,648,135
SG,2020-08-31,0.1132278514,38,2
KE,2020-08-31,0.19930930180769232,23,3
BH,2020-08-31,0.17500000000000002,2,1
NG,2020-08-31,0.17479399228037382,90,17
US,2020-08-31,0.14055533108675783,3684,915
JM,2020-08-31,0.15224466895238095,19,2
NL,2020-08-31,0.15807674573913041,20,3
SA,2020-08-31,0.15253474594736843,14,5
IT,2020-08-31,0.0932282003469388,44,5
NO,2020-08-31,0.09399350642857142,6,1
AU,2020-08-31,0.15238432282572614,209,32
JP,2020-08-31,0.11233698595238095,18,3
SI,2020-08-31,0.04523809533333334,2,1
TH,2020-08-31,0.11010709776470587,30,4
BR,2020-08-31,0.05414299241666667,20,4
UG,2020-08-31,0.1374699375,23,1
BS,2020-08-31,0.09382716055555555,8,1
SE,2020-08-31,0.16521551499999998,7,2
TT,2020-08-31,0.11590558361111108,16,2
MX,2020-08-31,0.11617892632258066,53,9
MU,2020-08-31,0.3724537036666667,2,1
MV,2020-08-31,0.19066666660000003,4,1
LK,2020-08-31,0.0023809524999999915,1,1
AG,2020-08-31,0.15138888900000003,1,1
CH,2020-08-31,0.19188311691666668,10,2
HK,2020-08-31,0.015479797933333336,13,2
BB,2020-08-31,-0.0833333335,1,1
GY,2020-08-31,0.0270833335,1,1
VE,2020-08-31,0.05681818166666667,2,1
GR,2020-08-31,0.14713140833333335,20,4
PH,2020-08-31,0.18954002920812174,173,24
GH,2020-08-31,0.06147401044117647,29,5
PK,2020-08-31,0.1139520202222222,7,2
GF,2020-08-31,0.043333333285714294,5,2
GB,2020-08-31,0.16491636241329471,1194,190
FR,2020-08-31,0.08882197473333334,24,6
HR,2020-08-31,0.035896464666666676,2,1
HT,2020-08-31,-0.011111111,1,1
CO,2020-08-31,0.08,6,1
IL,2020-08-31,0.06170634914285714,6,1
BD,2020-08-31,0.13590909080000002,3,2
IE,2020-08-31,0.1728380908734177,69,10
ID,2020-08-31,0.12479558982,46,4
IN,2020-08-31,0.16792463394174761,445,70
NP,2020-08-31,0.13431327161111112,16,2
TZ,2020-08-31,0.16848115514285714,6,1
CN,2020-08-31,0.08698715548148149,22,5
ZA,2020-08-31,0.14309891889962814,230,39
AE,2020-08-31,0.2085952611276596,45,2
BE,2020-08-31,0.19840788839999998,13,2
SA,2020-09-07,0.15185185177777777,7,2
TT,2020-09-07,0.12315830724137929,25,4
SG,2020-09-07,0.022784869839999992,36,14
AE,2020-09-07,0.22019678318181815,40,4
SE,2020-09-07,0.09478038877777778,6,3
AR,2020-09-07,-0.067187500125,5,3
TH,2020-09-07,0.15540206754166666,20,4
CZ,2020-09-07,0.05025252533333333,2,1
MX,2020-09-07,0.14322278301562502,54,10
JM,2020-09-07,0.2077052613125,15,1
MY,2020-09-07,0.09883283825531915,36,11
IT,2020-09-07,0.14147386485454547,52,3
NG,2020-09-07,0.14147344252066116,104,17
IR,2020-09-07,0.0,1,1
NL,2020-09-07,0.19638099741666662,22,2
GR,2020-09-07,0.11977843908333334,8,4
CW,2020-09-07,-0.0833333335,1,1
ZA,2020-09-07,0.14644021980952376,223,29
NP,2020-09-07,0.0809808612631579,15,4
FR,2020-09-07,0.20476901483720933,39,4
KW,2020-09-07,0.031509539777777776,7,2
GF,2020-09-07,0.16090097392857142,12,2
KR,2020-09-07,0.031107226153846153,9,4
CA,2020-09-07,0.13790781898331206,669,110
BS,2020-09-07,0.02473620125,3,1
GB,2020-09-07,0.16445431243001563,1112,174
MA,2020-09-07,0.030781250000000007,2,1
UG,2020-09-07,0.08111111116666665,4,2
KE,2020-09-07,0.1303731290588235,30,4
BR,2020-09-07,0.0564681411875,14,2
JP,2020-09-07,0.17007071904,20,5
MT,2020-09-07,-0.048626373571428565,4,3
US,2020-09-07,0.15848187212394865,3952,687
NZ,2020-09-07,0.1355279537037037,24,3
DE,2020-09-07,0.22015832219047618,40,2
PK,2020-09-07,0.18132440475,7,1
PL,2020-09-07,0.03571789317777777,38,7
AU,2020-09-07,0.133222856688716,208,49
IE,2020-09-07,0.19948169662337667,71,6
PT,2020-09-07,0.22067003366666665,12,3
CN,2020-09-07,0.049563028625000005,19,5
HK,2020-09-07,0.09695987644444444,4,5
AT,2020-09-07,0.141583524875,6,2
QA,2020-09-07,0.1509094982903226,28,3
HT,2020-09-07,0.3541666665,1,1
HR,2020-09-07,0.09805555549999999,6,2
CO,2020-09-07,-0.0021425189999999955,3,1
ID,2020-09-07,0.1920180617462686,62,5
PH,2020-09-07,0.15784572439361705,163,25
DK,2020-09-07,0.21145743133333336,5,1
GH,2020-09-07,0.1426572871,14,6
IN,2020-09-07,0.16415336119205293,405,48
ES,2020-09-07,0.20006711230000002,27,3
CL,2020-09-07,0.07119047619999999,4,1
VN,2020-09-07,-0.0545833334,3,2
BD,2020-09-07,-0.07267992433333334,3,3
GU,2020-09-07,-0.0125,1,1
AR,2020-09-14,0.231111111,2,1
GH,2020-09-14,0.025694444461538457,10,3
KR,2020-09-14,0.07461038960000001,4,1
IN,2020-09-14,0.17705784673199998,224,26
CN,2020-09-14,0.009291726666666666,6,6
GR,2020-09-14,0.09163271352941177,14,3
CA,2020-09-14,0.1198548659632466,556,97
ZA,2020-09-14,0.08060222158928569,133,35
ZW,2020-09-14,0.1,1,1
AE,2020-09-14,0.22179913420000003,22,3
KE,2020-09-14,0.08547639716666666,18,6
JM,2020-09-14,0.1727864583333333,5,1
TR,2020-09-14,0.061643518499999994,5,1
US,2020-09-14,0.13240134288087058,2234,385
IT,2020-09-14,0.1668204389130435,21,2
IE,2020-09-14,0.1565117844909091,47,8
JP,2020-09-14,0.08608585854545453,9,2
SG,2020-09-14,0.027667984173913043,20,3
IR,2020-09-14,-0.012499999999999997,1,1
ID,2020-09-14,0.10513533181578949,35,3
BR,2020-09-14,0.22811868679999997,9,1
BE,2020-09-14,0.05655008416666666,5,1
NP,2020-09-14,0.15555555557142858,6,1
NZ,2020-09-14,0.09716588961538462,11,2
DE,2020-09-14,0.03137926880952381,20,1
ES,2020-09-14,0.13226580041666666,21,3
VN,2020-09-14,-0.076765873,3,4
PH,2020-09-14,0.14845116888181817,100,10
PK,2020-09-14,0.0659222582,4,1
AT,2020-09-14,-0.053601491111111114,5,4
NL,2020-09-14,0.10031220817647059,16,1
PT,2020-09-14,0.24285714285714283,6,1
AU,2020-09-14,0.17895893724778766,94,19
DK,2020-09-14,-0.020833333333333332,2,1
SA,2020-09-14,0.029166666625,6,2
GB,2020-09-14,0.13617314015457774,725,116
SE,2020-09-14,0.44228219700000004,4,1
UG,2020-09-14,0.147172619,3,1
CY,2020-09-14,0.0604166665,3,1
NG,2020-09-14,0.1534150760545455,52,3
MX,2020-09-14,0.042244535333333326,26,10
CZ,2020-09-14,0.075,2,1
MY,2020-09-14,0.16465909085000002,17,3
GB,2020-09-21,0.10920680328278683,418,70
DE,2020-09-21,0.15749704836363637,10,1
CO,2020-09-21,0.3296875,1,1
ES,2020-09-21,0.07333754208333333,10,2
AR,2020-09-21,-0.049999999999999996,2,1
MX,2020-09-21,0.025490079320000004,17,8
MY,2020-09-21,0.14940476192857144,12,2
NG,2020-09-21,0.027722462733333335,27,3
SA,2020-09-21,-0.03333333333333333,4,2
NL,2020-09-21,0.028749999999999998,9,1
NZ,2020-09-21,0.20179545459999998,4,1
PH,2020-09-21,0.16584251361194027,59,8
PL,2020-09-21,0.02967226360606061,27,6
AU,2020-09-21,0.13192468014634146,68,14
AT,2020-09-21,-0.015637400749999995,6,2
ID,2020-09-21,0.0773248105625,15,1
IE,2020-09-21,0.0789283277027027,27,10
AE,2020-09-21,0.15057720054545454,10,1
IN,2020-09-21,0.16725801484848485,91,8
TR,2020-09-21,0.005580873999999999,2,1
ZA,2020-09-21,0.07841926395283019,82,24
JM,2020-09-21,-0.128219697,2,2
US,2020-09-21,0.1146734276850865,1253,249
SG,2020-09-21,0.08524305550000001,15,1
CA,2020-09-21,0.0978690680512048,278,54
TH,2020-09-21,-0.05767045458333334,8,16
SE,2020-09-21,0.1608333335,1,1
TH,2020-09-28,0.10727899294736841,17,2
IN,2020-09-28,0.15711769587301588,114,12
SG,2020-09-28,0.1261949855714286,19,2
DK,2020-09-28,0.10416666666666667,2,1
ES,2020-09-28,0.09036582931578947,17,2
FR,2020-09-28,0.09682539677777777,8,1
GB,2020-09-28,0.12655002620000005,622,98
GR,2020-09-28,0.017869768999999994,9,2
HK,2020-09-28,0.1125,3,1
ID,2020-09-28,0.12898124996,21,4
CO,2020-09-28,0.0,2,1
CN,2020-09-28,0.0676068122,15,5
AT,2020-09-28,-0.27366071425,3,5
AU,2020-09-28,0.08694447503703702,63,18
CA,2020-09-28,0.0820495645381605,430,81
CH,2020-09-28,0.052083333499999995,1,1
ZA,2020-09-28,0.03547402884126986,97,29
IL,2020-09-28,0.17206152427272728,9,2
IE,2020-09-28,0.046247711611940294,56,11
PH,2020-09-28,0.1422940325753425,66,7
PL,2020-09-28,0.033095839333333335,38,4
RU,2020-09-28,-0.2,2,3
RW,2020-09-28,0.11805555566666666,2,1
SA,2020-09-28,0.08,4,1
PT,2020-09-28,0.1688888888,4,1
NG,2020-09-28,0.09078272805555555,33,3
NL,2020-09-28,0.15410839161538462,12,1
MY,2020-09-28,0.04469065656250001,13,3
JM,2020-09-28,0.11666666666666664,1,2
US,2020-09-28,0.12851765291174944,1698,251
JO,2020-09-28,-0.1,1,1
JP,2020-09-28,0.09378945699999999,7,1
KE,2020-09-28,0.1307604712631579,17,2
KR,2020-09-28,0.06791975885714287,11,3
MX,2020-09-28,0.10652555316666666,24,6
TR,2020-09-28,-0.05138888883333334,5,1
ZA,2020-10-05,0.10666248957894738,45,12
US,2020-10-05,0.11817653975260702,1494,232
JP,2020-10-05,-0.016666666700000003,9,1
PL,2020-10-05,0.02087542083333333,35,7
DK,2020-10-05,-0.0359375,1,1
CZ,2020-10-05,0.09583333333333334,2,4
MY,2020-10-05,0.10115914784210527,18,1
JM,2020-10-05,0.07441077433333335,6,3
DE,2020-10-05,0.14830917873913044,18,5
IN,2020-10-05,0.1476895022432433,100,11
PH,2020-10-05,0.15229173604615384,57,8
HK,2020-10-05,0.24882936500000002,4,1
GT,2020-10-05,0.20546085866666666,2,1
IE,2020-10-05,0.11378224603508769,44,13
GR,2020-10-05,0.09699074083333332,5,1
GH,2020-10-05,0.04318181818181818,10,1
GB,2020-10-05,0.10484006788279773,444,85
NG,2020-10-05,0.2564394451363636,21,1
FR,2020-10-05,0.05625000000000001,3,1
CN,2020-10-05,0.08031746042857142,4,3
BR,2020-10-05,0.15845170449999998,7,1
SG,2020-10-05,0.10451388891666664,11,1
BE,2020-10-05,-0.018333333399999995,3,2
BD,2020-10-05,0.1285714285714286,5,2
TH,2020-10-05,0.14378787877777777,8,1
AU,2020-10-05,0.13057165474626864,53,14
AT,2020-10-05,0.01375661377777778,8,1
LK,2020-10-05,0.3643229165,1,1
AE,2020-10-05,0.14374999991666668,10,2
ID,2020-10-05,0.036666666699999996,9,1
SA,2020-10-05,0.23692826700000003,1,1
CA,2020-10-05,0.09521641571734471,392,75
MX,2020-10-05,0.026458934555555553,15,3
SE,2020-10-05,-0.1125,7,4
KR,2020-10-05,-0.082242965375,5,3
ID,2020-10-12,0.08953349284210525,17,2
JP,2020-10-12,0.17048958330000002,7,3
IN,2020-10-12,0.1385794506666667,72,15
IE,2020-10-12,0.08187916934426231,44,17
US,2020-10-12,0.13604031375262163,1414,207
KR,2020-10-12,0.14839980160000002,12,3
IL,2020-10-12,0.1663194445,5,1
TR,2020-10-12,-0.0341666666,3,2
ZA,2020-10-12,0.13553146255,34,6
CA,2020-10-12,0.11055417952808987,366,79
BZ,2020-10-12,0.07202380950000001,1,1
BR,2020-10-12,0.015000000000000003,4,1
BE,2020-10-12,0.21511363639999997,9,1
AU,2020-10-12,0.18110334792647056,63,5
AT,2020-10-12,-0.054974489857142865,5,2
AR,2020-10-12,0.053125000000000006,3,1
AE,2020-10-12,0.07762311757142858,15,6
CI,2020-10-12,0.15625,1,1
GR,2020-10-12,0.107614087375,6,2
GH,2020-10-12,0.2093506494,4,1
GB,2020-10-12,0.1091060517923587,519,83
FR,2020-10-12,0.03730158733333333,7,2
FI,2020-10-12,-0.011893939400000006,3,2
ES,2020-10-12,0.109755478875,13,3
IT,2020-10-12,0.06139807163636364,21,1
SE,2020-10-12,-0.11150793657142856,2,5
NO,2020-10-12,0.06666666666666667,2,1
PL,2020-10-12,0.0608305382972973,29,8
SA,2020-10-12,-0.009000000000000003,6,4
MX,2020-10-12,0.18705156716666668,15,3
TT,2020-10-12,0.23863636375,3,1
NL,2020-10-12,0.07381628779999999,18,2
MY,2020-10-12,0.15184523808,21,4
MC,2020-10-12,-0.050662879,1,3
NP,2020-10-12,-0.13111111099999997,2,1
TH,2020-10-12,0.030416666599999996,9,1
PH,2020-10-12,0.25514588655421666,77,6
CO,2020-10-19,0.11979166671428573,6,1
PT,2020-10-19,0.06666666660000001,4,1
ET,2020-10-19,-0.2,1,1
DE,2020-10-19,0.06465032982142858,24,4
PL,2020-10-19,0.036111111096774194,26,5
PH,2020-10-19,0.14473864794382024,81,8
CZ,2020-10-19,-0.038888888999999996,1,1
QA,2020-10-19,0.050757575666666666,2,1
AE,2020-10-19,-0.0127278645625,11,5
AR,2020-10-19,0.06428571450000001,1,1
TH,2020-10-19,-0.062916666625,3,5
AU,2020-10-19,0.14515242251851845,71,10
CN,2020-10-19,0.138371212,11,1
SE,2020-10-19,0.07667596292307693,9,4
BS,2020-10-19,-0.07761363639999999,3,2
SA,2020-10-19,0.0019480519090909149,7,4
CA,2020-10-19,0.09077710530370364,331,74
ZA,2020-10-19,0.14276980116666665,33,3
CH,2020-10-19,-0.15693181825,2,2
BR,2020-10-19,-0.03125,3,1
GB,2020-10-19,0.11207177808201428,584,111
MX,2020-10-19,0.055772606999999995,14,7
IE,2020-10-19,0.05280231826315791,58,18
IN,2020-10-19,0.1602276059803922,82,20
NO,2020-10-19,0.24450757574999996,3,1
JP,2020-10-19,0.04104683190909091,10,1
KE,2020-10-19,0.11183766228571428,11,3
NL,2020-10-19,0.10233305545945945,31,6
MT,2020-10-19,0.08353535366666669,2,1
ID,2020-10-19,0.14665575591304347,19,4
KR,2020-10-19,0.006874999999999999,3,3
NG,2020-10-19,0.02431976006666666,12,3
US,2020-10-19,0.12779172296079502,1574,237
UG,2020-10-19,0.06535669175,3,1
IT,2020-10-19,0.04025458661904762,18,3
NZ,2020-10-19,0.024311481999999995,5,2
GR,2020-10-19,0.05542929309090909,9,2
OM,2020-10-19,-0.0374747476,3,2
MY,2020-10-19,0.2564147572926829,39,2
SA,2020-10-26,-0.018750000000000003,3,1
JP,2020-10-26,0.07891929500000001,4,3
KE,2020-10-26,-0.003787878818181807,8,3
BS,2020-10-26,-0.0272727275,1,1
OM,2020-10-26,-0.16666666666666666,2,1
KR,2020-10-26,0.026339285624999997,5,3
MC,2020-10-26,0.18484848499999998,2,1
AE,2020-10-26,0.10132891408333333,11,1
AU,2020-10-26,0.11079463883582086,57,10
MM,2020-10-26,-0.025,1,1
BE,2020-10-26,-0.0452651516,3,2
CH,2020-10-26,0.004924242249999995,3,1
DK,2020-10-26,0.08291666674999998,3,1
NL,2020-10-26,0.13934104372222222,13,5
ES,2020-10-26,0.10010695188235295,15,2
FI,2020-10-26,0.056527777749999994,3,1
FR,2020-10-26,0.186038961,6,1
GH,2020-10-26,0.074074074,5,1
GB,2020-10-26,0.11478654525506757,509,83
CA,2020-10-26,0.07364047308192767,325,90
PL,2020-10-26,0.01523929766666667,27,3
MX,2020-10-26,0.21709415580952385,18,3
ZA,2020-10-26,0.1467086834411765,31,3
IT,2020-10-26,0.09977056274285713,30,5
RU,2020-10-26,-0.0523538965,1,1
US,2020-10-26,0.13926774422071006,1471,219
IN,2020-10-26,0.15675073668817208,77,16
DE,2020-10-26,0.008638888849999998,16,4
IE,2020-10-26,0.13419270390178578,99,13
CO,2020-10-26,0.3882575758888889,8,1
NG,2020-10-26,-0.018682860370370365,22,5
ID,2020-10-26,0.13656565654545452,10,1
MY,2020-10-26,0.15700602968571425,33,2
PH,2020-10-26,0.19724288030188686,49,4
